run_id,battery,model,optimizer,test_RMSE,test_MAE,test_R2,test_MAPE,training_time,hpo_time,model_size_mb,inference_ms_per_sample,train_peak_ram_abs_mb,train_peak_ram_delta_mb,hpo_peak_ram_abs_mb,hpo_peak_ram_delta_mb
1,B0005,RandomForest,GWO,0.019338871206368766,0.01767401022595505,-4.330258942882038,2.6946677117853066,0.3853780999779701,29.593753300141543,3.4734201431274414,14.903950039297342,314.9765625,0.0234375,315.171875,1.22265625
1,B0005,RandomForest,PSO,0.01911083681725449,0.01740606186574931,-4.2052965139849245,2.6541681703181905,0.6746322000399232,46.30360979959369,6.284684181213379,27.266150107607245,313.99609375,3.45703125,318.20703125,3.25
1,B0005,RandomForest,GA,0.0189676763880206,0.017280227363390244,-4.127602235136599,2.634843391971024,0.42158850003033876,40.20479900017381,4.977128028869629,20.948699908331037,313.71875,1.02734375,318.953125,4.015625
1,B0005,RandomForest,WOA,0.020190301421758587,0.018445937557717878,-4.809940308911192,2.811961160147643,0.15011429972946644,17.217321400064975,1.362259864807129,8.697049925103784,315.49609375,0.01953125,315.49609375,1.30859375
1,B0005,RandomForest,Bayesian,0.019244784925019385,0.01754181588304952,-4.27852021485613,2.6746402452947278,0.35110299987718463,56.71078970003873,2.829667091369629,12.048899661749601,457.83203125,0.078125,495.15625,179.6640625
1,B0005,RandomForest,RandomSearch,0.01917923704977669,0.01753535336910183,-4.242624095071414,2.673780934025554,0.07804870000109076,26.922842300031334,0.4273691177368164,3.076949855312705,455.3515625,0.04296875,457.93359375,0.01953125
1,B0005,XGBoost,GWO,0.02448505961527305,0.02314765047995472,-7.544534286951983,3.525469551437289,0.08032289985567331,4.565723799634725,0.3608865737915039,0.3182000946253538,451.4453125,1.89453125,454.41796875,0.03515625
1,B0005,XGBoost,PSO,0.0157259190014122,0.014052449354442963,-2.5246673389824954,2.143983784584728,0.16039150021970272,9.35834510019049,0.4299631118774414,0.31359982676804066,452.7109375,2.2578125,453.7265625,4.140625
1,B0005,XGBoost,GA,0.05508587058092457,0.05445902950915536,-42.248046986800425,8.274304164501812,0.09118960006162524,6.762150099966675,0.3276662826538086,0.16899988986551762,451.53125,1.06640625,450.73828125,0.28125
1,B0005,XGBoost,WOA,0.046328133706099124,0.0455614407059374,-29.58973227252275,6.9252721254482825,0.06991269998252392,6.23190680006519,0.17426204681396484,0.2492999192327261,450.48828125,0.01953125,450.7421875,0.27734375
1,B0005,XGBoost,Bayesian,0.017741270052783222,0.016174026250523568,-3.485960845274069,2.466271159657142,0.7383152996189892,63.4727811999619,1.540135383605957,0.6767997983843088,785.96484375,10.515625,812.21875,361.74609375
1,B0005,XGBoost,RandomSearch,0.06459335901258338,0.06404793590734167,-58.46505218141804,9.728686785365813,0.10396290011703968,3.9954591998830438,0.3442878723144531,0.3037999849766493,775.82421875,0.01953125,777.640625,0.671875
1,B0005,LightGBM,GWO,0.01950479425492058,0.017898007734471276,-4.422116097597551,2.7285021063110317,0.06462590023875237,3.6437704996205866,0.3542366027832031,0.4809501115232706,778.03125,1.0234375,778.03125,2.22265625
1,B0005,LightGBM,PSO,0.020811860817537758,0.019076677109047903,-5.17316508179591,2.9081403414835205,0.01758110010996461,1.1196683999150991,0.06995010375976562,0.34665013663470745,777.03515625,0.00390625,778.0390625,1.03125
1,B0005,LightGBM,GA,0.03751657851429307,0.036561704797805336,-19.060073208494842,5.560530839132135,0.02366730011999607,1.638863599859178,0.06365489959716797,0.3873498644679785,777.0390625,0.01953125,778.04296875,1.02734375
1,B0005,LightGBM,WOA,0.02347236324237093,0.022177653324748883,-6.852350923778642,3.377696225671747,0.06421069987118244,3.1898060999810696,0.3287363052368164,0.3627501428127289,778.25,1.0078125,778.25,1.23046875
1,B0005,LightGBM,Bayesian,0.01919549248923003,0.017606023475253172,-4.251514675348464,2.6840534266899643,0.026187399867922068,53.6967508001253,0.1448230743408203,0.33585005439817905,1018.25,0.01953125,1057.01953125,279.79296875
1,B0005,LightGBM,RandomSearch,0.03211600326955842,0.03099777366301796,-13.700396618413937,4.716766804225485,0.014073899947106838,1.276752000208944,0.06463146209716797,0.4787999205291271,1018.44921875,0.01953125,1019.453125,1.2109375
1,B0006,RandomForest,GWO,0.040704048099839386,0.03584806310692114,-3.856969287534789,6.18674569926471,0.6352841001935303,38.62414920004085,6.103089332580566,27.786399936303496,1020.51171875,0.01953125,1020.51171875,1.99609375
1,B0006,RandomForest,PSO,0.040711237977192394,0.03597618489025895,-3.8586852887337937,6.206952133440864,0.5662231002934277,32.9333605999127,5.830948829650879,26.35374991223216,1024.2421875,0.01953125,1024.2421875,3.30078125
1,B0006,RandomForest,GA,0.04111466734338268,0.03635620878781871,-3.9554570128313067,6.2721666772720175,0.30436829989776015,26.365919900126755,1.468003273010254,13.733049854636192,1024.53515625,0.01953125,1024.53515625,0.03125
1,B0006,RandomForest,WOA,0.042977176938498604,0.03846923467443668,-4.414594283044676,6.63084856854904,0.3160796999000013,31.98606609972194,1.994248390197754,18.791000125929713,1024.53515625,0.01953125,1024.53515625,0.01953125
1,B0006,RandomForest,Bayesian,0.04084951478804478,0.03613182396976673,-3.8917466500353806,6.233318680973679,0.5405923998914659,57.806859800126404,6.284684181213379,27.440600330010056,1167.71484375,1.01171875,1209.81640625,185.30078125
1,B0006,RandomForest,RandomSearch,0.04166774689238046,0.03703149161797699,-4.089676581704199,6.386978615573859,0.5729501000605524,23.88545519998297,2.2502756118774414,26.38299996033311,1168.4375,0.01953125,1168.453125,0.01953125
1,B0006,XGBoost,GWO,0.037341678840662244,0.03202508353371576,-3.087688850910882,5.539276513153665,0.08294090023264289,5.54044449981302,0.18187236785888672,0.22080005146563053,1171.26171875,0.01953125,1171.4453125,2.76953125
1,B0006,XGBoost,PSO,0.040432301652230135,0.03638783863059147,-3.7923340286833582,6.2701637933518075,0.12486439989879727,7.731719799805433,0.4774942398071289,0.24915020912885666,1171.26953125,0.01953125,1172.53515625,1.2890625
1,B0006,XGBoost,GA,0.10292142847444487,0.10124817339375157,-30.05287121309936,17.291237724907702,0.056921400129795074,4.41836450016126,0.14698219299316406,0.3037499263882637,1171.2734375,0.01953125,1171.55078125,0.30078125
1,B0006,XGBoost,WOA,0.0422678093734465,0.03867028158546183,-4.237326291569349,6.655766965241577,0.033589799888432026,3.230241899844259,0.0653543472290039,0.2645000349730253,1171.27734375,0.01953125,1171.5390625,0.28515625
1,B0006,XGBoost,Bayesian,0.03573708058344808,0.030646111736946403,-2.743934950986098,5.300018874857517,0.09310659999027848,67.7862539999187,0.2308187484741211,0.19509997218847275,1479.5,1.265625,1511.0,339.7421875
1,B0006,XGBoost,RandomSearch,0.07235825313922956,0.07007086813551419,-14.34851273554434,11.994510372130186,0.08284500008448958,4.247712399810553,0.3240814208984375,0.33605005592107773,1478.40625,0.01953125,1478.671875,0.38671875
1,B0006,LightGBM,GWO,0.04718048179958243,0.044355530721228956,-5.525516537549817,7.61351665343777,0.04184569977223873,1.7431290000677109,0.12469768524169922,0.3425499889999628,1478.640625,0.01953125,1479.53515625,1.1484375
1,B0006,LightGBM,PSO,0.04588083465194022,0.041962928193330966,-5.170960568394308,7.221485073029655,0.10738359997048974,5.18183059990406,0.826533317565918,0.4120499361306429,1478.62109375,0.01953125,1479.64453125,1.0234375
1,B0006,LightGBM,GA,0.051115492679547854,0.04768385761766113,-6.659408877963859,8.190223074386074,0.03556470014154911,1.6001510000787675,0.17511749267578125,0.363500090315938,1478.625,0.01953125,1479.62890625,1.02734375
1,B0006,LightGBM,WOA,0.0434077178283224,0.039438617434795736,-4.523623367242195,6.792137513219097,0.009132800158113241,0.9272451000288129,0.043808937072753906,0.36039971746504307,1478.6328125,0.01953125,1479.63671875,1.03125
1,B0006,LightGBM,Bayesian,0.0447723762902306,0.04042511664588806,-4.87638771139643,6.965545111652655,0.0274273999966681,64.5178395002149,0.07269954681396484,0.44739991426467896,1773.41796875,0.00390625,1802.7890625,324.17578125
1,B0006,LightGBM,RandomSearch,0.05154292872942208,0.04772985278664891,-6.788042909479109,8.20806461397515,0.031541400123387575,1.2727240002714097,0.09870529174804688,0.6215998437255621,1773.43359375,0.01953125,1774.4375,1.0390625
1,B0018,RandomForest,GWO,0.011245535651328971,0.010396334061881358,-0.15241966865627,1.5193073473828784,0.051918699871748686,8.257450900040567,0.2323160171508789,3.0526998452842236,1773.453125,0.00390625,1773.453125,0.01953125
1,B0018,RandomForest,PSO,0.01169182110872124,0.010720630810341391,-0.24570352106200177,1.5677939401617138,0.6923798997886479,42.744830899871886,4.958130836486816,27.539400150999427,1773.47265625,0.0390625,1773.453125,0.01953125
1,B0018,RandomForest,GA,0.013069972157459203,0.012001169874814898,-0.5566812458099566,1.7551421578084339,0.16019330034032464,18.542194900102913,0.3041849136352539,8.60449974425137,1773.453125,0.01953125,1773.4609375,0.01953125
1,B0018,RandomForest,WOA,0.012087782362959274,0.011160656442482963,-0.3315075475138447,1.631899629997787,0.39770489977672696,36.85039549972862,1.431931495666504,21.790349623188376,1773.45703125,0.01953125,1773.45703125,0.0234375
1,B0018,RandomForest,Bayesian,0.011389647261316615,0.010512410256519427,-0.18214545464950405,1.536656060166793,0.0778703996911645,67.65104469982907,0.2679300308227539,3.236450022086501,1954.9140625,0.01953125,1988.40234375,214.96484375
1,B0018,RandomForest,RandomSearch,0.012415447170295442,0.011404613482242604,-0.40467256747713476,1.6678156053304594,0.2812235997989774,22.82372559979558,1.2975778579711914,15.678200172260404,1954.9140625,0.01953125,1954.9140625,0.01953125
1,B0018,XGBoost,GWO,0.01015171844887212,0.009251070417445374,0.06086181922534095,1.3523994639446557,0.04379149992018938,8.002259999979287,0.06640052795410156,0.23559993132948875,1956.03515625,0.01953125,1960.0234375,5.12890625
1,B0018,XGBoost,PSO,0.008969425963922632,0.00815830866245575,0.26687223519141445,1.1923973059664261,0.06931499997153878,6.30204589990899,0.2175140380859375,0.17729983665049076,1958.19140625,2.17578125,1957.55078125,1.53515625
1,B0018,XGBoost,GA,0.009921478788476809,0.009427859666043092,0.10297781334627709,1.3757732128134283,0.10965320002287626,6.011051500216126,0.35860157012939453,0.3067001234740019,1957.74609375,1.70703125,1957.765625,1.73046875
1,B0018,XGBoost,WOA,0.010734916047987928,0.010155380167048644,-0.050141141530739564,1.482093655038577,0.04292679997161031,3.2277472000569105,0.09844779968261719,0.21119997836649418,1956.1484375,0.01953125,1959.31640625,3.27734375
1,B0018,XGBoost,Bayesian,0.01347734598481619,0.012188031556301882,-0.6552329517114404,1.7816041821664446,0.09075989993289113,61.94171619974077,0.32704925537109375,0.14870008453726768,2196.94921875,1.078125,2241.453125,285.32421875
1,B0018,XGBoost,RandomSearch,0.0455355351085698,0.04433652389257507,-17.895189746824688,6.4701896489243405,0.06546920025721192,3.962700500153005,0.19531536102294922,0.3155998419970274,2195.90625,0.01953125,2196.17578125,0.3046875
1,B0018,LightGBM,GWO,0.008202250997005668,0.007276358522543486,0.3869209462556852,1.0612155729207904,0.05253600003197789,3.4514843998476863,0.21497535705566406,0.34675002098083496,2195.90625,0.00390625,2196.91015625,1.0234375
1,B0018,LightGBM,PSO,0.01003735330187523,0.008737491592279573,0.08190253028328653,1.2762018298705584,0.025930299889296293,1.284516700077802,0.08391475677490234,0.42850011959671974,2195.92578125,0.01953125,2196.9296875,1.04296875
1,B0018,LightGBM,GA,0.016569270419705174,0.014606295016415033,-1.5018262230003505,2.1397191472974,0.025274900253862143,1.2991116000339389,0.08427143096923828,0.348550034686923,2196.21484375,0.00390625,2197.03125,1.125
1,B0018,LightGBM,WOA,0.011404188092915159,0.009081814051528487,-0.18516580289664875,1.3329558209802144,0.014985299669206142,0.9499401999637485,0.04839134216308594,0.6384002044796944,2196.21484375,0.01953125,2197.21875,1.0234375
1,B0018,LightGBM,Bayesian,0.008604313209704728,0.007669349253622409,0.3253433735290959,1.1184910268010118,0.1024154000915587,50.039501199964434,0.8726310729980469,0.5900498945266008,2383.16015625,0.234375,2425.765625,229.5703125
1,B0018,LightGBM,RandomSearch,0.016728631684997587,0.014945271182143893,-1.5501821830239448,2.187622037832466,0.033559300005435944,1.1537184999324381,0.10480213165283203,0.472750049084425,2383.2109375,0.01953125,2384.21484375,1.07421875
2,B0005,RandomForest,Bayesian,0.01901197272653408,0.017245945202800768,-4.151579787206479,2.629745714343785,0.3131340998224914,56.62699299957603,2.750473976135254,11.557749938219786,2508.484375,0.26953125,2544.86328125,159.30078125
2,B0005,RandomForest,RandomSearch,0.018764746943029875,0.017002110782434632,-4.018471813999392,2.5926383137294993,0.3534305999055505,26.205775000154972,3.1905221939086914,13.443299802020192,2511.140625,0.00390625,2511.140625,2.640625
2,B0005,RandomForest,PSO,0.018792940931628626,0.01708381385125231,-4.033563627631467,2.6049856561963822,0.6908299000933766,50.571674699895084,6.290543556213379,27.57750009186566,2512.921875,0.0546875,2512.87109375,1.6640625
2,B0005,RandomForest,GA,0.01958910526742797,0.017963341126013086,-4.469092457650846,2.738450463677096,0.14152440009638667,16.20831019990146,0.4766702651977539,7.442250149324536,2513.2109375,0.01953125,2513.2109375,0.0234375
2,B0005,RandomForest,GWO,0.018598096153782735,0.016850671572463925,-3.9297289672414273,2.569733215989476,0.18347749998793006,17.22162690013647,1.6284494400024414,7.0356500800699,2513.2109375,0.01953125,2513.2109375,0.01953125
2,B0005,RandomForest,WOA,0.0189217293866478,0.017139297813034946,-4.102790277389104,2.6135832893575066,0.10690860031172633,12.701236700173467,1.1097116470336914,4.745250102132559,2513.2109375,0.01953125,2513.2109375,0.01953125
2,B0005,XGBoost,Bayesian,0.015954879930007576,0.014102384291846716,-2.6280490149074707,2.1516009138336147,0.10771180037409067,62.08777989959344,0.2912940979003906,0.3246001433581114,2741.43359375,4.0859375,2766.828125,253.63671875
2,B0005,XGBoost,RandomSearch,0.06859327844645262,0.06808551786464524,-66.05778230716454,10.340825202869814,0.05545319989323616,3.9019149001687765,0.16115951538085938,0.2531500067561865,2737.58203125,0.01953125,2737.82421875,0.49609375
2,B0005,XGBoost,PSO,0.015573187442887224,0.01389871063567653,-2.4565360213877083,2.1202720117201013,0.11936259968206286,8.863047800026834,0.2753639221191406,0.1855997834354639,2739.83203125,2.2578125,2740.61328125,3.046875
2,B0005,XGBoost,GA,0.059386421894531395,0.058792713586785034,-49.26438623604114,8.931752332710227,0.06557019986212254,4.896685900166631,0.31690311431884766,0.266549875959754,2737.6015625,0.01953125,2737.859375,0.28125
2,B0005,XGBoost,GWO,0.01543896669074278,0.013777380796263549,-2.3972110322623044,2.102145813979752,0.11190549982711673,11.241250399965793,0.29268455505371094,0.30519999563694,2742.9921875,3.55078125,2745.0078125,7.42578125
2,B0005,XGBoost,WOA,0.01499555426102313,0.013407382671333973,-2.2048751125120276,2.0454310718703947,0.09794260002672672,6.366052200086415,0.3703575134277344,0.15610014088451862,2745.5859375,6.13671875,2746.96875,7.52734375
2,B0005,LightGBM,Bayesian,0.019642871535422966,0.0181476351571856,-4.499155722954574,2.7660024397447827,0.01752900006249547,51.806028900202364,0.04522514343261719,0.4076496697962284,2938.9140625,0.00390625,2974.99609375,235.54296875
2,B0005,LightGBM,RandomSearch,0.02685209597825564,0.025228656544717495,-9.276434227611094,3.84313998010808,0.03403860004618764,1.305946699809283,0.21190166473388672,0.3598500043153763,2938.9296875,0.01953125,2939.93359375,1.0390625
2,B0005,LightGBM,PSO,0.01892349591888262,0.01730486862231031,-4.103743114639139,2.6385018353898406,0.18643310014158487,5.3001719997264445,1.0148582458496094,0.6955999415367842,2940.46875,1.03515625,2940.45703125,1.546875
2,B0005,LightGBM,GA,0.027208811633169818,0.025580535000440822,-9.551281586029209,3.8963775304570785,0.035891199950128794,1.6037395000457764,0.19318485260009766,0.352649949491024,2939.453125,0.01953125,2940.45703125,1.0234375
2,B0005,LightGBM,GWO,0.021255144378160475,0.019697358063929766,-5.4389371193931755,3.002215960731654,0.027957999613136053,1.4763409001752734,0.08421039581298828,0.360000180080533,2939.80859375,0.01953125,2940.7265625,1.29296875
2,B0005,LightGBM,WOA,0.02157667453387094,0.019930077805209164,-5.635216326010064,3.0373762514012195,0.014752500224858522,1.3478830000385642,0.11086654663085938,0.6368497852236032,2939.83203125,0.00390625,2940.8125,1.0234375
2,B0006,RandomForest,Bayesian,0.041264981938793924,0.03614856918678122,-3.991757398780483,6.239891740323625,0.46633780002593994,73.84921880019829,3.7964181900024414,27.929449919611216,3112.90234375,0.14453125,3144.14453125,204.33203125
2,B0006,RandomForest,RandomSearch,0.04048260882563449,0.03542943008322035,-3.8042670008046953,6.116245935003986,0.4927420997992158,26.61905310023576,2.782517433166504,18.335199914872646,3113.1328125,0.00390625,3113.1328125,0.25
2,B0006,RandomForest,PSO,0.041198726980651565,0.03645554023661199,-3.975740759325314,6.289112839070185,0.4755996000021696,27.515585800167173,2.0011606216430664,20.559549797326326,3113.13671875,0.0234375,3113.1328125,0.01953125
2,B0006,RandomForest,GA,0.041188815321343115,0.03620972798788848,-3.9733469030903255,6.249402679460263,0.441801399923861,37.46904450003058,2.241074562072754,22.33744994737208,3112.98828125,0.01953125,3113.1328125,0.01953125
2,B0006,RandomForest,GWO,0.04128622709441409,0.0361905926032031,-3.9968987054142664,6.246961646204969,0.5594631000421941,39.91314519988373,3.9939889907836914,26.57194994390011,3115.171875,0.01953125,3115.171875,2.203125
2,B0006,RandomForest,WOA,0.042123468352496515,0.0373369618085997,-4.201617308140104,6.44096204955181,0.2012686999514699,31.34342059958726,1.358689308166504,12.10060017183423,3115.453125,0.00390625,3115.45703125,0.0234375
2,B0006,XGBoost,Bayesian,0.04120075028246779,0.037428494463615715,-3.9762294963938016,6.444414055777986,0.04034299962222576,70.41044030012563,0.05624103546142578,0.2588501665741205,3355.75,0.01953125,3395.0859375,279.53515625
2,B0006,XGBoost,RandomSearch,0.09353713121839234,0.09163684647918435,-24.648279844008144,15.659716423189188,0.031222000252455473,4.28368049999699,0.15365219116210938,0.15545007772743702,3355.76953125,0.01953125,3356.03515625,0.30078125
2,B0006,XGBoost,PSO,0.03399530263387823,0.028499037807819958,-2.38787965655527,4.9369574682607675,0.09258759999647737,6.448862299788743,0.3578662872314453,0.17265020869672298,3359.09765625,3.15234375,3363.62109375,7.8671875
2,B0006,XGBoost,GA,0.037961184425327976,0.03311841611780343,-3.2244450013200536,5.721829039390232,0.4002640997059643,21.356872899923474,0.634735107421875,0.282500172033906,3359.84765625,2.95703125,3367.921875,11.9765625
2,B0006,XGBoost,GWO,0.06697917906163481,0.06465680172911747,-12.151333532722132,11.072118506210899,0.07811430003494024,4.38887820020318,0.19649124145507812,0.27914997190237045,3356.921875,0.00390625,3357.2109375,0.30859375
2,B0006,XGBoost,WOA,0.0381073152229258,0.03348540191568551,-3.257031429275231,5.780486296900402,0.08832310000434518,5.618304100353271,0.3731870651245117,0.2576000988483429,3357.421875,0.01953125,3364.42578125,7.5234375
2,B0006,LightGBM,Bayesian,0.03973327685779483,0.034003428853979355,-3.628059336140998,5.8803782591796825,0.07113229995593429,81.06442640023306,0.511540412902832,0.5137501284480095,3654.94921875,0.01953125,3697.453125,340.05078125
2,B0006,LightGBM,RandomSearch,0.05491466470488981,0.05178075038245582,-7.840296353105588,8.886460844682599,0.03117770003154874,1.211449499707669,0.09848403930664062,0.5264999344944954,3655.21484375,0.00390625,3656.21875,1.2890625
2,B0006,LightGBM,PSO,0.04303835722273141,0.038039474651595746,-4.4300211783639485,6.563960560760454,0.04369580000638962,2.253179400227964,0.23549365997314453,0.53759990260005,3655.7109375,0.01953125,3656.71484375,1.51953125
2,B0006,LightGBM,GA,0.05369094242647741,0.050372124211911874,-7.4506906854671175,8.6494494420422,0.0492336000315845,2.127647999674082,0.20480632781982422,0.34244987182319164,3655.7265625,0.01953125,3656.73046875,1.0390625
2,B0006,LightGBM,GWO,0.05170444421185947,0.04923069894543714,-6.836928776345823,8.442230150374527,0.0256397002376616,1.2249288000166416,0.06662178039550781,0.5062001291662455,3655.7265625,0.00390625,3656.73046875,1.0234375
2,B0006,LightGBM,WOA,0.0457716873733285,0.04138043316281674,-5.141634929434371,7.1303364161432095,0.01891270000487566,1.2353066001087427,0.07372474670410156,0.6355498917400837,3655.8203125,0.01953125,3656.82421875,1.1171875
2,B0018,RandomForest,Bayesian,0.011902285222340693,0.011011202319617535,-0.29095491432091003,1.609723864724118,0.4677275000140071,72.51229829993099,4.959275245666504,26.80895011872053,3828.54296875,2.21875,3862.0078125,206.20703125
2,B0018,RandomForest,RandomSearch,0.011790379195320772,0.010736266159926466,-0.2667937561255349,1.5705395701868359,0.5945112998597324,24.963183999992907,4.666626930236816,27.270950144156814,3828.2734375,0.03515625,3828.2421875,0.28125
2,B0018,RandomForest,PSO,0.01165928796138286,0.01054676598384704,-0.2387806863780766,1.54360229399376,0.0631025000475347,11.355124699883163,0.2131357192993164,2.9969001188874245,3828.58984375,0.01953125,3828.58984375,0.01953125
2,B0018,RandomForest,GA,0.0117772718468294,0.010848279448995047,-0.2639787359365404,1.5863243998646464,0.04382830020040274,18.509056800045073,0.1439676284790039,2.9733499977737665,3828.59375,0.01953125,3828.59375,0.0234375
2,B0018,RandomForest,GWO,0.012238487610580608,0.011322310445196543,-0.36491583895093593,1.655365623050809,0.4373444998636842,36.63850800041109,4.567612648010254,24.277300108224154,3828.63671875,0.04296875,3828.59765625,0.0234375
2,B0018,RandomForest,WOA,0.012648718957283017,0.011752405768934309,-0.45795276732566514,1.7177916608994135,0.08992619998753071,15.78645889973268,0.3667154312133789,5.205299938097596,3828.63671875,0.00390625,3828.63671875,0.01953125
2,B0018,XGBoost,Bayesian,0.009515675466044935,0.009045750297587585,0.17485625420566864,1.3198600557337272,0.15597769990563393,66.03205179981887,0.46149635314941406,0.3285498823970556,4045.41015625,1.71484375,4087.56640625,258.94921875
2,B0018,XGBoost,RandomSearch,0.04863445238353013,0.047492881896191406,-20.554523612211586,6.929388233954473,0.0625237999483943,3.742662000004202,0.28287696838378906,0.2944499719887972,4043.73046875,0.00390625,4044.03125,0.32421875
2,B0018,XGBoost,PSO,0.009853839093757087,0.009205347694438171,0.11516702113832467,1.344149836679045,0.09388749999925494,6.29892379976809,0.3451690673828125,0.1957498025149107,4045.26171875,1.39453125,4045.3359375,1.62109375
2,B0018,XGBoost,GA,0.1074221797313771,0.10691018927305299,-104.15702463127343,15.569761096513105,0.06437000026926398,4.467611300293356,0.2491016387939453,0.2780999056994915,4043.89453125,0.01953125,4044.16015625,0.2890625
2,B0018,XGBoost,GWO,0.055254717256916525,0.05429299998491364,-26.822047663151434,7.91777795186764,0.057759399991482496,4.220693700015545,0.2348918914794922,0.2803998067975044,4043.90234375,0.01953125,4044.18359375,0.30859375
2,B0018,XGBoost,WOA,0.010562640508910977,0.009842746736698915,-0.016705953784712513,1.4349532578524327,0.048641799949109554,3.138853299897164,0.0696249008178711,0.1418499741703272,4044.0625,0.01953125,4046.09375,2.2109375
2,B0018,LightGBM,Bayesian,0.007884817494277309,0.006578008738338903,0.4334559808001137,0.9593585321427461,0.08400919986888766,84.89596879994497,0.8108158111572266,0.40224986150860786,4292.62109375,0.01953125,4337.22265625,293.17578125
2,B0018,LightGBM,RandomSearch,0.012416156465440115,0.010807467278284844,-0.40483307009591574,1.5808550104390255,0.020958999637514353,1.232640499714762,0.0727987289428711,0.6149497348815203,4292.7734375,0.01953125,4293.77734375,1.17578125
2,B0018,LightGBM,PSO,0.011396755756666004,0.0103659275770767,-0.18362151402092963,1.514065301667238,0.06072380021214485,3.7454503998160362,0.5031795501708984,0.6424000021070242,4293.90234375,1.0234375,4293.90234375,1.1484375
2,B0018,LightGBM,GA,0.013649751213068035,0.011697976661087078,-0.6978520369321126,1.7110149604892377,0.06556629994884133,2.817513800226152,0.2868776321411133,0.5913001950830221,4293.90625,1.0234375,4293.90625,1.02734375
2,B0018,LightGBM,GWO,0.008156880140035053,0.007115906223106571,0.3936846968416595,1.0390350636763332,0.021759700030088425,2.2680863002315164,0.09718132019042969,0.33389986492693424,4293.1015625,0.01953125,4294.10546875,1.22265625
2,B0018,LightGBM,WOA,0.018429464708739556,0.016354944972394127,-2.0951080208064687,2.396009166230504,0.03412600001320243,1.826213300228119,0.13719558715820312,0.442249933257699,4293.17578125,0.01953125,4294.1796875,1.09765625
3,B0005,RandomForest,WOA,0.01884949095227277,0.01720782954582969,-4.063902295412297,2.623661737442685,0.5748239001259208,48.29905080003664,4.763901710510254,22.409499855712056,4295.1796875,0.04296875,4295.15625,1.54296875
3,B0005,RandomForest,GA,0.018844850752854504,0.01714461743239419,-4.061409429759809,2.614204801647054,0.326086999848485,26.131894199643284,3.138474464416504,13.126200065016747,4296.85546875,0.00390625,4296.85546875,1.69140625
3,B0005,RandomForest,RandomSearch,0.018947410039674484,0.017310429551143855,-4.116650734851138,2.63935527783361,0.3481544000096619,25.330981799867004,2.9983530044555664,12.486850144341588,4296.85546875,0.01953125,4296.85546875,0.01953125
3,B0005,RandomForest,Bayesian,0.0188626252542669,0.017220222943137794,-4.07096179580034,2.6255373671512,0.5839216001331806,70.06960410019383,4.788254737854004,20.693749887868762,4435.609375,0.09765625,4479.0703125,182.234375
3,B0005,RandomForest,PSO,0.0188567181951701,0.017215933993073394,-4.067786227150764,2.6248810440762402,0.5414744997397065,52.10833520023152,4.813981056213379,21.19575021788478,4440.328125,0.01953125,4440.328125,4.7421875
3,B0005,RandomForest,GWO,0.018997421736364154,0.01728282698780696,-4.143697185855229,2.63533709101021,0.6338612996041775,44.835871200077236,6.288620948791504,28.554949909448624,4440.88671875,0.02734375,4440.87890625,0.2890625
3,B0005,XGBoost,WOA,0.016011923070597834,0.014230846056255707,-2.6540379627879367,2.170953321125247,0.07600699970498681,4.60028769960627,0.22107315063476562,0.20515010692179203,4444.1484375,1.46484375,4444.3828125,3.515625
3,B0005,XGBoost,GA,0.06048657537285464,0.05990319626116365,-51.14396576318675,9.100051614666778,0.031351199839264154,3.218436799943447,0.06820106506347656,0.1454001758247614,4442.71875,0.01953125,4442.91796875,0.23046875
3,B0005,XGBoost,RandomSearch,0.05482218153315641,0.054178479616142944,-41.83499219169756,8.232021322390388,0.05779599957168102,3.916846599895507,0.2259378433227539,0.2787499688565731,4442.72265625,0.01953125,4442.99609375,0.29296875
3,B0005,XGBoost,Bayesian,0.01582200834369315,0.014296468477667076,-2.567872150812087,2.180408779799967,2.1498153996653855,147.00568050006405,1.4926414489746094,0.7649499457329512,4738.203125,9.3203125,4766.9140625,324.20703125
3,B0005,XGBoost,PSO,0.025038315281612194,0.02377106692209222,-7.935035303728338,3.619786354874361,0.05242550000548363,7.0346555998548865,0.057399749755859375,0.4979001823812723,4729.109375,0.01953125,4730.828125,1.140625
3,B0005,XGBoost,GWO,0.01571556398544359,0.013970515892740176,-2.520027105213513,2.132032936860469,0.1333011002279818,11.413889399729669,0.14725875854492188,0.5117000546306372,4733.39453125,3.3359375,4732.7578125,3.6640625
3,B0005,LightGBM,WOA,0.020426609585122223,0.018732901462424473,-4.9467357680712665,2.8555307686695524,0.01691100001335144,2.0668055000714958,0.04106616973876953,0.8518998511135578,4730.10546875,0.01953125,4731.109375,1.0625
3,B0005,LightGBM,GA,0.031319852915803865,0.03018588866274465,-12.98058978780245,4.593499965634647,0.05669069988653064,3.932790500111878,0.14180850982666016,0.9003500454127789,4730.10546875,0.00390625,4731.109375,1.0234375
3,B0005,LightGBM,RandomSearch,0.03165569981012325,0.030530038094182452,-13.282028752713012,4.645521059698237,0.013500900007784367,2.9248089003376663,0.03456592559814453,0.865899957716465,4730.10546875,0.00390625,4731.109375,1.0234375
3,B0005,LightGBM,Bayesian,0.019489916658833862,0.017813821993810083,-4.413847639417191,2.7162358949100804,0.1474512997083366,174.23365859966725,0.45824527740478516,0.8032999467104673,4986.28515625,1.0078125,5021.08984375,291.00390625
3,B0005,LightGBM,PSO,0.020283354029855746,0.018605796103754776,-4.863617161895875,2.836660665224066,0.03791119996458292,2.291691499762237,0.12083911895751953,0.8428499568253756,4984.83203125,0.00390625,4985.8359375,1.03515625
3,B0005,LightGBM,GWO,0.019434029711016113,0.017894593067765127,-4.382843953920209,2.7279273321871944,0.28696190007030964,11.349388100206852,0.9148006439208984,0.9510500822216272,4987.27734375,1.0078125,4987.27734375,2.46484375
3,B0006,RandomForest,WOA,0.04181775145167812,0.03710550429540265,-4.126388379688906,6.39996612992608,0.26508390018716455,35.12390989996493,1.406754493713379,18.104449845850468,4986.46875,0.00390625,4986.48046875,0.02734375
3,B0006,RandomForest,GA,0.043323756348934685,0.039240489617810174,-4.502275870205485,6.758046870586335,0.35548630030825734,41.71676399977878,0.7886362075805664,27.073150034993887,4984.734375,0.05859375,4986.46875,0.01953125
3,B0006,RandomForest,RandomSearch,0.04064724206730166,0.03589076424597281,-3.8434221027482183,6.194050240870518,1.072622399777174,54.55295399995521,2.5199899673461914,67.88439978845417,4984.81640625,0.0078125,4984.8125,0.07421875
3,B0006,RandomForest,Bayesian,0.04295056335542692,0.038416975299721726,-4.407890392860908,6.6224410991609695,0.1512711001560092,156.80833869986236,0.8146829605102539,10.698100086301565,5165.984375,0.0625,5207.75,222.953125
3,B0006,RandomForest,PSO,0.04200000068311694,0.037293131518175246,-4.17116918162447,6.431442775370247,0.4476747000589967,63.73619419988245,2.4082040786743164,29.738449957221746,5169.44140625,0.01953125,5169.44140625,3.4765625
3,B0006,RandomForest,GWO,0.042711944947541845,0.038108431123387715,-4.347968588519669,6.571832944353916,0.08549949992448092,48.572422299999744,0.4235696792602539,8.841850096359849,5170.015625,0.01953125,5170.015625,0.59375
3,B0006,XGBoost,WOA,0.03652027551082581,0.03101825562908789,-2.9098333076958145,5.365712728354307,0.1475018998607993,11.752407200168818,0.24392223358154297,0.3602502401918173,5173.7265625,1.4453125,5174.078125,4.08203125
3,B0006,XGBoost,GA,0.07371723770432342,0.07184157082769277,-14.930457854735966,12.284858082622518,0.21345350006595254,14.244617700111121,0.2972116470336914,0.47515006735920906,5172.65234375,0.01953125,5172.89453125,0.62890625
3,B0006,XGBoost,RandomSearch,0.0767984468598003,0.07473811356022499,-16.290001297037456,12.784906992110697,0.08631870010867715,8.409797699656337,0.13930034637451172,0.2741001080721617,5173.19140625,0.01953125,5173.19140625,0.55859375
3,B0006,XGBoost,Bayesian,0.035414705595608977,0.030088214554335083,-2.6766934657896586,5.207340928263639,0.14650249993428588,134.63729760004207,0.42101001739501953,0.23835012689232826,5383.58984375,2.28515625,5425.90234375,252.73046875
3,B0006,XGBoost,PSO,0.03809406934898507,0.034578709282423466,-3.2540725064930136,5.953013090225258,0.21021709963679314,11.669789900071919,0.4607877731323242,0.37489994429051876,5384.03125,1.76171875,5384.1875,2.6328125
3,B0006,XGBoost,GWO,0.037099325626460004,0.0317197083061544,-3.0348015796326075,5.483114781088383,0.0759216002188623,4.445076500065625,0.08757400512695312,0.26594987139105797,5384.43359375,1.859375,5384.75390625,2.484375
3,B0006,LightGBM,WOA,0.05419660269399225,0.05173479906378843,-7.610617133965398,8.86929170990753,0.018744700122624636,1.635443499777466,0.06585502624511719,0.3774501383304596,5382.6171875,0.01953125,5383.62109375,1.046875
3,B0006,LightGBM,GA,0.05012332234420234,0.04679875711177673,-6.364950820427283,8.041464094612461,0.026556999888271093,1.592831399757415,0.060753822326660156,0.5903502460569143,5382.62890625,0.01953125,5383.6328125,1.03515625
3,B0006,LightGBM,RandomSearch,0.05160833458542808,0.04845994492523139,-6.807820862307742,8.32157944868557,0.019939499907195568,1.345104900188744,0.1094818115234375,0.4119498189538717,5382.77734375,0.01953125,5383.78125,1.03125
3,B0006,LightGBM,Bayesian,0.044163465757516826,0.03822480008807495,-4.717635253020915,6.603411984753979,0.10502849984914064,87.40053549967706,0.5694351196289062,0.3550001420080662,5585.0703125,1.0625,5600.0234375,217.21875
3,B0006,LightGBM,PSO,0.04431353047232834,0.04039062284084199,-4.756557607970426,6.953757254589725,0.09414820000529289,3.605417199898511,0.5255279541015625,0.5145999602973461,5584.796875,0.01953125,5585.80078125,1.515625
3,B0006,LightGBM,GWO,0.04529954397326109,0.04104465453861873,-5.015584223167499,7.071727424568436,0.02672000043094158,1.7258888999931514,0.0595703125,0.5238000303506851,5585.2109375,0.00390625,5586.21484375,1.4375
3,B0018,RandomForest,WOA,0.012704601594752061,0.011515730253751178,-0.4708638336165045,1.6849660625415663,0.2886862996965647,23.351154299918562,0.5201120376586914,14.4595499150455,5584.66015625,0.01953125,5584.66015625,0.01953125
3,B0018,RandomForest,GA,0.011719977143975595,0.010687687125725025,-0.2517105073658219,1.5632257689597473,0.4869419001042843,31.42287109978497,1.1683969497680664,20.655299769714475,5584.6640625,0.01953125,5584.6640625,0.0234375
3,B0018,RandomForest,RandomSearch,0.012293021517728365,0.011492950832702636,-0.37710689277547726,1.6787708986305094,0.10306290024891496,21.75004639988765,0.5545816421508789,6.9125499576330185,5584.6796875,0.01953125,5584.6796875,0.03515625
3,B0018,RandomForest,Bayesian,0.011868330948242559,0.010818361273527671,-0.28359987060994274,1.5826604028516174,0.0847113998606801,87.83255389984697,0.2902231216430664,3.6679001059383154,5770.2109375,0.01953125,5793.74609375,209.0859375
3,B0018,RandomForest,PSO,0.012140062590368296,0.011259240015701433,-0.34305012030841353,1.6459977265423458,0.22593529988080263,22.29193239985034,1.1750802993774414,14.282949967309833,5770.21484375,0.0078125,5770.2109375,0.01953125
3,B0018,RandomForest,GWO,0.011675433000552238,0.010732183920406152,-0.24221383087981563,1.5692396863106362,0.5238622999750078,35.080481399782,3.117417335510254,25.30999993905425,5770.2109375,0.01953125,5770.2109375,0.01953125
3,B0018,XGBoost,WOA,0.01084165238257475,0.009641449930363467,-0.07112788375106027,1.409464225059267,0.05101520009338856,3.6677962001413107,0.11763858795166016,0.1701002474874258,5770.3125,0.01953125,5771.3125,1.12109375
3,B0018,XGBoost,GA,0.049800057793269674,0.04880370128362732,-21.600084448239468,7.118635031848891,0.07800069963559508,4.8091437998227775,0.2504558563232422,0.15044980682432652,5770.640625,0.01953125,5770.81640625,0.5234375
3,B0018,XGBoost,RandomSearch,0.04251995319598728,0.04131708669870453,-15.475398352131531,6.030333996752128,0.05946299992501736,3.8815431999973953,0.11630535125732422,0.2586999908089638,5770.73828125,0.01953125,5771.015625,0.39453125
3,B0018,XGBoost,Bayesian,0.008177671029414484,0.007706267036479186,0.39058991071141647,1.1246900587846973,0.11104059964418411,103.03103000018746,0.40813541412353516,0.3119001630693674,6034.59765625,1.55078125,6070.625,299.90625
3,B0018,XGBoost,PSO,0.10782675323710367,0.10731669295042115,-104.95060116006907,15.628874232020653,0.05070490017533302,4.133169499691576,0.2444782257080078,0.18335017375648022,6033.30859375,0.01953125,6033.58984375,0.54296875
3,B0018,XGBoost,GWO,0.008579907883978286,0.00800990799812622,0.3291651460064058,1.1691314254617111,0.11111669987440109,4.1301249996759,0.34438514709472656,0.3084999043494463,6035.0390625,1.2578125,6034.7734375,1.484375
3,B0018,LightGBM,WOA,0.00902505906148731,0.008067774459104837,0.2577495427769172,1.177006892895122,0.04470429988577962,3.594901999924332,0.2405538558959961,0.3440000582486391,6033.8515625,0.01953125,6034.85546875,1.0546875
3,B0018,LightGBM,GA,0.012849632862678494,0.011251612190695703,-0.5046372416744687,1.6460896762883008,0.07039099978283048,3.449553900398314,0.363372802734375,0.37000025622546673,6035.078125,1.0234375,6035.078125,1.24609375
3,B0018,LightGBM,RandomSearch,0.015217187984595173,0.013338104542212847,-1.110178431806502,1.95334729268496,0.029485300183296204,1.0630622003227472,0.0814065933227539,0.42724981904029846,6034.12109375,0.01953125,6035.125,1.03515625
3,B0018,LightGBM,Bayesian,0.009380505858716174,0.008461064699445343,0.19813199265161374,1.234197519538944,0.09367459965869784,88.16650359984487,0.5158157348632812,0.48639997839927673,6229.4375,0.0234375,6245.25390625,211.15234375
3,B0018,LightGBM,PSO,0.011036699189747035,0.009545848452564353,-0.11001482740725854,1.3961790451095326,0.049919100012630224,2.436312099918723,0.26099491119384766,0.3597999457269907,6230.5703125,0.01953125,6231.57421875,2.1015625
3,B0018,LightGBM,GWO,0.011884666369614353,0.01048374042143046,-0.2871357637352683,1.5322264175652014,0.02374180033802986,2.4997879997827113,0.11437320709228516,0.5372997839003801,6231.30078125,0.01953125,6232.3046875,1.75390625
4,B0005,RandomForest,PSO,0.01866016824598604,0.016960049383115017,-3.9626903232201194,2.5860876624615914,0.24145149998366833,21.269045300316066,2.318345069885254,9.697199799120426,6233.4765625,0.01953125,6233.48046875,0.046875
4,B0005,RandomForest,GWO,0.01881888220222435,0.017122429922815367,-4.047469610640327,2.6107674149314386,0.5896892999298871,38.22877229982987,6.134766578674316,26.584699982777238,6234.3671875,0.03125,6234.35546875,0.8984375
4,B0005,RandomForest,RandomSearch,0.01867032374558214,0.01703191567507987,-3.9680935235799835,2.596912500206732,0.6887775999493897,25.935405400115997,5.818039894104004,25.246649980545044,6237.0234375,0.01953125,6237.0234375,2.4453125
4,B0005,RandomForest,Bayesian,0.018732746430034326,0.017041096924284974,-4.001369879338884,2.5984487142467265,0.6277268002741039,84.0378036997281,5.958390235900879,25.390149792656302,6391.6953125,0.01953125,6430.92578125,193.640625
4,B0005,RandomForest,WOA,0.022969756074101913,0.02130324746601139,-6.5196708619788755,3.2461052743104575,0.09753979975357652,11.83101509977132,0.3687753677368164,6.214649882167578,6391.6953125,0.01953125,6391.6953125,0.01953125
4,B0005,RandomForest,GA,0.021694608059140027,0.0201489300597582,-5.7079479214193585,3.0702982339848606,0.28253390034660697,25.63693210016936,0.6954355239868164,13.414400164037943,6294.14453125,0.01953125,6391.6953125,0.01953125
4,B0005,XGBoost,PSO,0.015607025234957486,0.01404094795048765,-2.4715732276141487,2.141870300763271,0.13196959998458624,9.273897899780422,0.30994415283203125,0.26260013692080975,6298.2421875,2.85546875,6298.44921875,4.32421875
4,B0005,XGBoost,GWO,0.017764672096043033,0.016104795455616952,-3.4978032768541087,2.4557347320311735,0.07071590004488826,4.767232700251043,0.1489124298095703,0.2718998584896326,6295.4296875,0.01953125,6295.72265625,0.3359375
4,B0005,XGBoost,RandomSearch,0.04853203044605126,0.04780370325277014,-32.56935432342684,7.265310762482398,0.048651100136339664,4.164084500167519,0.1524496078491211,0.166300218552351,6295.43359375,0.01953125,6295.71875,0.30859375
4,B0005,XGBoost,Bayesian,0.016985910343558595,0.015306247997555308,-3.11210049865487,2.334486083644753,0.0302001996897161,99.00271270005032,0.05463123321533203,0.16339984722435474,6506.4921875,0.01953125,6539.59375,244.1796875
4,B0005,XGBoost,WOA,0.015482754551729845,0.013816151325203602,-2.4165086392190767,2.1080750565059927,0.0630198996514082,4.28224779991433,0.08225631713867188,0.2720498014241457,6510.71484375,3.15625,6509.83203125,3.359375
4,B0005,XGBoost,GA,0.05764242293303543,0.057030561868645385,-46.35551025595844,8.664528735052235,0.05724269989877939,4.490154299885035,0.16823768615722656,0.14610006473958492,6507.78125,0.01953125,6508.0234375,0.46484375
4,B0005,LightGBM,PSO,0.019845870220782064,0.018203959471801548,-4.6134047700730125,2.775381719802217,0.11185280000790954,5.184832199942321,0.6666851043701172,0.3710498567670584,6510.19921875,1.703125,6510.0546875,2.25
4,B0005,LightGBM,GWO,0.021053986306980008,0.01956526552130119,-5.317638004997138,2.981759612515767,0.06633009994402528,3.1947069000452757,0.2340860366821289,0.5796498153358698,6510.1328125,1.0234375,6509.95703125,1.4609375
4,B0005,LightGBM,RandomSearch,0.02725148104932237,0.02589769482765343,-9.584401007104656,3.943458505132373,0.03150240005925298,1.326471300330013,0.11570358276367188,0.35665021277964115,6509.1640625,0.00390625,6510.16796875,1.05859375
4,B0005,LightGBM,Bayesian,0.021733562452056435,0.01979695411328307,-5.732058855746006,3.017801167686726,0.19760670000687242,121.74064770014957,1.0901288986206055,0.6783502176403999,6792.51953125,1.12890625,6833.40234375,324.2578125
4,B0005,LightGBM,WOA,0.0221682972788708,0.02060364739286184,-6.004074208259362,3.1385816027908944,0.06890750024467707,4.97192670032382,0.3867502212524414,0.35479990765452385,6792.59375,1.0234375,6793.078125,1.66796875
4,B0005,LightGBM,GA,0.028746872943443965,0.02737877354104789,-10.777884314403076,4.168623499012192,0.023257999680936337,1.5209022001363337,0.06847381591796875,0.34585013054311275,6791.58984375,0.00390625,6792.59375,1.0234375
4,B0006,RandomForest,PSO,0.04100166211017194,0.03610524590065588,-3.928253922983031,6.230676006202878,0.5366539000533521,42.23063059989363,6.197159767150879,30.105800135061145,5234.08984375,0.0859375,6792.171875,0.01953125
4,B0006,RandomForest,GWO,0.040160437851605765,0.03509709016215326,-3.7281040978815465,6.061445244522941,0.17159239994361997,21.427779499907047,0.8644876480102539,5.82839990966022,5235.91796875,0.00390625,5235.91796875,1.40625
4,B0006,RandomForest,RandomSearch,0.040137602219119016,0.035363607664861504,-3.7227287306242323,6.103035442216693,0.11977609992027283,24.700966000091285,0.5507822036743164,5.157100036740303,5235.91796875,0.00390625,5235.91796875,0.01953125
4,B0006,RandomForest,Bayesian,0.042389063265410136,0.03698694742123305,-4.267418084164324,6.386493039566801,0.06190960016101599,92.44913920015097,0.7059183120727539,3.0859000980854034,5409.1171875,0.0390625,5449.0,213.1015625
4,B0006,RandomForest,WOA,0.04399213213277265,0.03889980008894493,-4.673357798076661,6.7075762317287495,0.0730103999376297,7.92118479963392,0.2205972671508789,2.8887002263218164,5409.1875,0.00390625,5409.1875,0.078125
4,B0006,RandomForest,GA,0.04182773852760152,0.03694417878976654,-4.1288372795838315,6.3753956038861785,0.05888189980760217,12.617166499607265,0.2419290542602539,2.969750203192234,5409.2421875,0.01953125,5409.2421875,0.07421875
4,B0006,XGBoost,PSO,0.041891131535453596,0.03730445719783813,-4.144395319029205,6.435624961610728,0.07266180031001568,5.565517799928784,0.18425941467285156,0.2924001310020685,5414.19140625,3.44921875,5415.57421875,6.3515625
4,B0006,XGBoost,GWO,0.03877318579852066,0.03421695493836359,-3.407102223380413,5.902694792014955,0.12329749995842576,6.577650299761444,0.3924217224121094,0.3166000824421644,5413.86328125,2.35546875,5412.7265625,1.984375
4,B0006,XGBoost,RandomSearch,0.07024773943537219,0.06788684161911335,-13.466213091915092,11.62311065075814,0.07513949973508716,4.137719399761409,0.20659160614013672,0.2726498059928417,5411.53515625,0.01953125,5411.81640625,0.30859375
4,B0006,XGBoost,Bayesian,0.03471563626867551,0.028979710295665744,-2.5329737483910346,5.020618648271583,0.10802639974281192,106.02416440006346,0.3552560806274414,0.1518500503152609,3199.65625,2.609375,5612.56640625,201.05078125
4,B0006,XGBoost,WOA,0.04652290947683349,0.04340791092570702,-5.344886910168357,7.457437405372766,0.027374400291591883,3.1207689000293612,0.05642986297607422,0.2655000425875187,3197.03515625,0.01953125,3198.3046875,1.97265625
4,B0006,XGBoost,GA,0.0814022095470757,0.07925393567737024,-18.42506757629967,13.556754332711895,0.0625117002055049,5.035908000078052,0.2704763412475586,0.21035014651715755,3197.29296875,0.01953125,3197.58984375,0.5703125
4,B0006,LightGBM,PSO,0.0467174692436194,0.04285023252264864,-5.398066773570436,7.373968398667062,0.06032919976860285,2.941550800111145,0.28855133056640625,0.5769501440227032,3199.97265625,1.12890625,3199.8671875,2.58984375
4,B0006,LightGBM,GWO,0.05089400667345315,0.04706274307236322,-6.593175476428025,8.090960728263846,0.0311513002961874,1.540532700251788,0.1021413803100586,0.4795000422745943,3199.015625,0.01953125,3200.01953125,1.0703125
4,B0006,LightGBM,RandomSearch,0.05715975217634711,0.05463673931474034,-8.577911635030063,9.366136913072463,0.02477509994059801,1.5124134998768568,0.07604026794433594,0.6641000509262085,3199.1796875,0.01953125,3200.18359375,1.09375
4,B0006,LightGBM,Bayesian,0.0394931248572295,0.03432688770793527,-3.5722834739827647,5.9297897864280875,0.030842999927699566,118.97047060029581,0.11162376403808594,0.3371499478816986,3426.58984375,0.01953125,3462.03515625,262.79296875
4,B0006,LightGBM,WOA,0.04424856288942458,0.04004300513118943,-4.739690728775981,6.899872297790399,0.02216779999434948,1.778412100393325,0.07744693756103516,0.595899997279048,3426.75,0.01953125,3427.75390625,1.18359375
4,B0006,LightGBM,GA,0.0532113261419787,0.04967755486298749,-7.300386528030694,8.534945264834805,0.022294600028544664,2.202400299720466,0.06333065032958984,0.5308999679982662,3426.88671875,0.01953125,3427.890625,1.16015625
4,B0018,RandomForest,PSO,0.011858774424043641,0.010968792693143381,-0.2815335624475972,1.6031010117978424,0.4118789997883141,34.50369099993259,3.360215187072754,19.565900089219213,3426.73828125,0.00390625,3426.73828125,0.03125
4,B0018,RandomForest,GWO,0.011595281522526828,0.010748739078846454,-0.2252168564062218,1.5705721084226985,0.144648099783808,21.427504200022668,0.9362649917602539,7.51745025627315,3427.12109375,0.01953125,3427.12109375,0.359375
4,B0018,RandomForest,RandomSearch,0.01158572156220501,0.010542691955268552,-0.22319738046815574,1.5418354215613388,0.20827529998496175,25.770161900203675,0.4587259292602539,8.356250124052167,3427.12109375,0.00390625,3427.12109375,0.01953125
4,B0018,RandomForest,Bayesian,0.011169533564813844,0.010278314545832234,-0.13689522776942242,1.5028361911690051,0.1276608002372086,99.80683459993452,0.5493173599243164,6.5439497120678425,3597.40234375,0.01953125,3629.86328125,202.76171875
4,B0018,RandomForest,WOA,0.011709312818156684,0.010776019884882027,-0.24943361290290067,1.5755173196669308,0.14375249994918704,12.135380099993199,0.4974985122680664,7.374499924480915,3597.4609375,0.01953125,3597.4609375,0.078125
4,B0018,RandomForest,GA,0.011510135028226901,0.01056589637363527,-0.20728889359802283,1.5451222541822,0.32389500038698316,31.950203000102192,1.028824806213379,20.109200151637197,3597.4609375,0.01953125,3597.4609375,0.01953125
4,B0018,XGBoost,PSO,0.009100976274049164,0.008270122887783815,0.2452096609298512,1.207163172417681,0.04595339996740222,3.407988699618727,0.06916141510009766,0.16714981757104397,3597.7578125,0.01953125,3600.49609375,3.0546875
4,B0018,XGBoost,GWO,0.009032935916837136,0.008475907923870851,0.25645334054022817,1.23666195758905,0.09490870032459497,4.718818900175393,0.2352142333984375,0.19135000184178352,3599.78515625,1.40625,3599.4453125,1.703125
4,B0018,XGBoost,RandomSearch,0.037315646122823246,0.035978748681240846,-11.689143247249955,5.253690888656552,0.054636800196021795,3.9402922000736,0.1537332534790039,0.2721997443586588,3598.5546875,0.01953125,3598.8203125,0.453125
4,B0018,XGBoost,Bayesian,0.009028380046891268,0.008492079772036743,0.25720318480939863,1.2381474236054177,0.0723708001896739,88.47600999986753,0.2941322326660156,0.15670014545321465,3781.453125,0.01953125,3817.06640625,218.52734375
4,B0018,XGBoost,WOA,0.00866491324256932,0.008222669757884216,0.3158067176332623,1.1978098928499794,0.03957819985225797,3.2101763002574444,0.059291839599609375,0.1431501004844904,3781.625,0.01953125,3781.9140625,0.48046875
4,B0018,XGBoost,GA,0.025330162798930748,0.023506995322399905,-4.8469089446479945,3.438224544446069,0.10426829988136888,5.785239600110799,0.37908172607421875,0.3137500025331974,3781.73828125,0.01953125,3782.03515625,0.41015625
4,B0018,LightGBM,PSO,0.01112758313852586,0.009456206200244038,-0.1283713845365042,1.383158166815719,0.07901589991524816,4.064516799990088,0.4407205581665039,0.36319997161626816,3782.59375,0.01953125,3783.59765625,1.875
4,B0018,LightGBM,GWO,0.008595468901993454,0.007685248365439717,0.3267296094803419,1.121691996407798,0.05726679973304272,2.1383628002367914,0.22771739959716797,0.5949998740106821,3782.75,0.01953125,3783.74609375,1.171875
4,B0018,LightGBM,RandomSearch,0.024034964036384526,0.02181474364339551,-4.264259889606597,3.1929394754136675,0.022998999804258347,1.0245169000700116,0.06728553771972656,0.6254496984183788,3782.96875,0.01953125,3783.97265625,1.2421875
4,B0018,LightGBM,Bayesian,0.013041464197646497,0.011270954050762427,-0.5498978482825092,1.6505259558710876,0.014356599655002356,97.82281290041283,0.046982765197753906,0.5658497102558613,3963.921875,0.01953125,3996.546875,213.59765625
4,B0018,LightGBM,WOA,0.011458521958976538,0.01003251007831717,-0.19648586175245009,1.4668699985576825,0.018321899697184563,0.864911399781704,0.06459522247314453,0.5927002057433128,3963.92578125,0.01953125,3964.9296875,1.0234375
4,B0018,LightGBM,GA,0.020362602802833783,0.018450899513611563,-2.778478437926063,2.70115399910154,0.016755100339651108,1.3545903000049293,0.04321861267089844,0.6407499313354492,3963.94921875,0.01953125,3964.953125,1.046875
5,B0005,RandomForest,GWO,0.018895657616817677,0.017239616090578152,-4.088737955266214,2.628496564984893,0.4424203000962734,38.14889070019126,4.017197608947754,17.35430001281202,3966.85546875,0.01953125,3966.86328125,0.0234375
5,B0005,RandomForest,RandomSearch,0.01894149084464959,0.017274847281273494,-4.113454337797706,2.6339640958109456,0.7241621003486216,27.511560999788344,3.994217872619629,26.008799904957414,3966.85546875,0.01953125,3966.85546875,0.01953125
5,B0005,RandomForest,Bayesian,0.018464125495058346,0.016778378534368713,-3.8589625502665097,2.5585418002056914,0.6047228001989424,88.07455630041659,5.325074195861816,24.487400194630027,4066.73828125,0.5078125,4108.1640625,141.328125
5,B0005,RandomForest,GA,0.021515579464101178,0.01982497093183525,-5.597693854074945,3.021545838682216,0.13623040029779077,18.404285500291735,0.6462259292602539,9.284350089728832,4067.6171875,0.01953125,4067.6171875,0.35546875
5,B0005,RandomForest,PSO,0.01897548308645386,0.017262498331128348,-4.131823931162835,2.632213436275645,0.34908790001645684,28.191019400022924,3.6729135513305664,15.59000019915402,4067.69921875,0.01953125,4067.69921875,0.1015625
5,B0005,RandomForest,WOA,0.01902650341106031,0.01721532920736396,-4.159457411234505,2.6255837785756344,0.1587006002664566,19.217237500008196,1.5381784439086914,6.731050089001656,4069.890625,0.01953125,4069.890625,2.2109375
5,B0005,XGBoost,GWO,0.018763710275734844,0.017100635473229115,-4.017917333631551,2.6073996680495948,0.07564050005748868,3.961648100055754,0.10626602172851562,0.1740497536957264,4074.28125,2.45703125,4074.42578125,4.5546875
5,B0005,XGBoost,RandomSearch,0.06542583293871504,0.06488740772435828,-60.0076906880749,9.85598948964856,0.07496719993650913,4.385261999908835,0.31232547760009766,0.2940001431852579,4071.84765625,0.01953125,4072.046875,0.21875
5,B0005,XGBoost,Bayesian,0.017083931236959383,0.015440205958857683,-3.159696978694896,2.355113505310854,0.3066336000338197,160.90518420003355,0.5802879333496094,0.4167999140918255,4368.34375,3.15625,4388.8984375,316.984375
5,B0005,XGBoost,GA,0.1003554603843738,0.10000527233312292,-142.53839326913766,15.18147992626523,0.030654999893158674,3.272978900000453,0.08750724792480469,0.15400000847876072,4365.75390625,0.01953125,4366.046875,0.34375
5,B0005,XGBoost,PSO,0.01620211473545701,0.014527353946663563,-2.7413597688205185,2.2160956536227143,0.12862269999459386,9.900388200301677,0.4114227294921875,0.18844986334443092,4367.73828125,2.6640625,4368.98046875,3.24609375
5,B0005,XGBoost,WOA,0.01499555426102313,0.013407382671333973,-2.2048751125120276,2.0454310718703947,0.08893859991803765,4.819164699874818,0.11855888366699219,0.22029993124306202,4370.609375,6.18359375,4377.73046875,12.3515625
5,B0005,LightGBM,GWO,0.019854605381903322,0.018295137323282855,-4.618347338548766,2.788568024924911,0.05338789988309145,2.3097888003103435,0.2395315170288086,0.37845014594495296,4365.625,0.25390625,4366.39453125,1.796875
5,B0005,LightGBM,RandomSearch,0.026553899384101215,0.025006417051213772,-9.049458844468052,3.807415283597823,0.01697289990261197,1.422717799898237,0.05084991455078125,0.3978998865932226,4365.80859375,0.01953125,4366.62890625,1.0234375
5,B0005,LightGBM,Bayesian,0.019476862598261285,0.01785682736614859,-4.40659783650786,2.7225686844290364,0.024146900046616793,108.22742070024833,0.08119487762451172,0.605700071901083,4546.7421875,0.01953125,4586.78125,220.95703125
5,B0005,LightGBM,GA,0.03130960258602635,0.03012012161975762,-12.971440178720355,4.583957801966347,0.03125560004264116,1.5594721003435552,0.1275777816772461,0.4430499393492937,4546.796875,0.01953125,4547.80078125,1.078125
5,B0005,LightGBM,PSO,0.019384058754810227,0.01776890960228973,-4.355197599543032,2.7092324833426904,0.07790149981155992,3.467995499726385,0.3369588851928711,0.657449709251523,4547.875,1.0234375,4547.875,1.09765625
5,B0005,LightGBM,WOA,0.020952016641236818,0.019348985777427295,-5.256590429657058,2.9493272739090086,0.07096199970692396,2.5969932000152767,0.2724475860595703,0.3496999852359295,4548.6640625,1.08203125,4548.60546875,1.75390625
5,B0006,RandomForest,GWO,0.04167076265286295,0.03714197672471698,-4.090413353049422,6.404796134905867,0.29898299975320697,28.120865299832076,2.869492530822754,12.214800110086799,4548.32421875,0.01953125,4548.32421875,0.86328125
5,B0006,RandomForest,RandomSearch,0.04291329176102516,0.03873066778292033,-4.398508758419451,6.672291975389971,0.4137502000667155,25.08929210016504,2.2218942642211914,22.987450007349253,3806.9140625,0.01953125,4548.3359375,0.02734375
5,B0006,RandomForest,Bayesian,0.041527359363355464,0.03696689023890671,-4.055437945114083,6.374891189550308,0.49722399981692433,99.07971719978377,5.789475440979004,24.354849942028522,3948.2734375,0.671875,3988.3515625,181.17578125
5,B0006,RandomForest,GA,0.04245830446081616,0.03846358221196597,-4.284640460783584,6.62477181412848,0.48342900024726987,35.960796900093555,1.6135263442993164,22.827049950137734,3949.515625,0.00390625,3949.515625,0.5
5,B0006,RandomForest,PSO,0.041085847656091856,0.03641559874363715,-3.9485123054020246,6.282162794314199,0.5782743999734521,49.43954849988222,6.174546241760254,26.371150044724345,3949.98828125,0.01171875,3949.98828125,0.2109375
5,B0006,RandomForest,WOA,0.043897724882796946,0.03997236380810824,-4.64903383941706,6.879151199322729,0.0710562001913786,10.979096400085837,0.3866281509399414,2.763250144198537,3950.91796875,0.01953125,3950.91796875,0.6953125
5,B0006,XGBoost,GWO,0.03513876452169862,0.02939592723764596,-2.6196212307163713,5.091611833987215,0.10540589969605207,7.147811200004071,0.34538841247558594,0.2118998672813177,3954.703125,1.859375,3954.375,3.4765625
5,B0006,XGBoost,RandomSearch,0.0882331775734634,0.08639682334304544,-21.8220152599741,14.765836663321103,0.05619470030069351,4.19173189997673,0.09304618835449219,0.29130023904144764,3953.08203125,0.01953125,3953.35546875,0.5078125
5,B0006,XGBoost,Bayesian,0.039360369815054204,0.03559998443595035,-3.5415959306997093,6.131644412145917,0.1068397001363337,117.92916600033641,0.33170604705810547,0.3199500497430563,4138.77734375,0.01953125,4169.58203125,216.53125
5,B0006,XGBoost,GA,0.12267913412060957,0.12128086351532891,-43.119598914204985,20.69282357349371,0.06852059997618198,4.708314099814743,0.2096233367919922,0.22594979964196682,4138.88671875,0.01953125,4139.1171875,0.35546875
5,B0006,XGBoost,PSO,0.035111395243342794,0.02965481771974153,-2.6139848435885473,5.133352422576525,0.12488349992781878,6.955375200137496,0.19067668914794922,0.1461501233279705,4141.30859375,2.05859375,4141.1953125,2.328125
5,B0006,XGBoost,WOA,0.041417560776195336,0.03767104181061114,-4.028740070026536,6.483240181655823,0.09036329993978143,7.439725199714303,0.2380084991455078,0.15665008686482906,4141.96484375,2.05859375,4143.4921875,4.2421875
5,B0006,LightGBM,GWO,0.05006415522363746,0.046090639282334075,-6.347573451220536,7.929107976350667,0.10034220013767481,1.7726493999361992,0.43509483337402344,0.6412500515580177,4139.98828125,0.00390625,4140.9921875,1.08203125
5,B0006,LightGBM,RandomSearch,0.0525019420491451,0.04973451526035962,-7.080549372149326,8.53442513477328,0.030198900029063225,1.430642600171268,0.1050424575805664,0.3307999577373266,4140.0078125,0.00390625,4141.01171875,1.04296875
5,B0006,LightGBM,Bayesian,0.0410819999827317,0.03518842986560369,-3.94758549636681,6.085154584248168,0.13979460019618273,174.3545097000897,0.781158447265625,0.3611999563872814,4381.3671875,0.01953125,4412.36328125,272.375
5,B0006,LightGBM,GA,0.05431850510847516,0.04982858568136158,-7.649395782135013,8.571004275748692,0.04428210016340017,1.6427437998354435,0.2626152038574219,0.38294983096420765,4381.4765625,0.01953125,4382.48046875,1.0390625
5,B0006,LightGBM,PSO,0.04454931306859786,0.040018454382694704,-4.817979346279404,6.897550973114506,0.01660910015925765,1.340880500152707,0.10132789611816406,0.3893498796969652,4381.75390625,0.01953125,4382.7421875,1.28515625
5,B0006,LightGBM,WOA,0.07295309435430535,0.071146734486943,-14.601903471997733,12.164313022547514,0.025104299653321505,1.2203430002555251,0.0706329345703125,0.49165007658302784,4381.7578125,0.01953125,4382.76171875,1.02734375
5,B0018,RandomForest,GWO,0.011690064871127077,0.010804815531839929,-0.24532931296856497,1.5795118467882965,0.23776150029152632,24.953721600119025,2.1114816665649414,11.250850046053529,4382.765625,0.0234375,4382.76171875,0.0234375
5,B0018,RandomForest,RandomSearch,0.011445296007345607,0.010581004737679506,-0.19372537808542,1.546862180952507,0.30702290032058954,24.562378499656916,1.745774269104004,20.02884983085096,4381.7578125,0.01953125,4382.76953125,0.01953125
5,B0018,RandomForest,Bayesian,0.011549232611623628,0.010609435370162484,-0.21550465231959115,1.5515361200457096,0.2961846999824047,107.26003280002624,2.051835060119629,15.214100014418364,4548.5,0.01953125,4591.91015625,210.171875
5,B0018,RandomForest,GA,0.011013577408172154,0.01015915145923627,-0.10536875788396638,1.4852867030509243,0.12788109993562102,16.691720699891448,0.8024606704711914,6.489049876108766,4548.203125,0.04296875,4548.5546875,0.07421875
5,B0018,RandomForest,PSO,0.011607309786859818,0.010725444086788771,-0.22776011091111803,1.5680451301143126,0.2988644000142813,31.095482499804348,2.451188087463379,13.49074998870492,4547.515625,0.05078125,4548.203125,0.01953125
5,B0018,RandomForest,WOA,0.01142682682705151,0.010434316544201456,-0.189875876844114,1.5261147487770277,0.2671113000251353,24.454064500052482,1.1115427017211914,13.468800112605095,4547.546875,0.00390625,4547.55078125,0.01953125
5,B0018,XGBoost,GWO,0.10770152372624255,0.1071908675453003,-104.70464295804332,15.610576896381879,0.05120040010660887,4.381734800059348,0.24117279052734375,0.3043501637876034,4548.5234375,0.01953125,4548.6796875,1.15234375
5,B0018,XGBoost,RandomSearch,0.05092361448163089,0.0498345099708374,-22.631365193132247,7.269904163800457,0.05208620009943843,3.8305083997547626,0.21451854705810547,0.29799994081258774,4548.765625,0.01953125,4548.9375,0.4296875
5,B0018,XGBoost,Bayesian,0.010075857034832403,0.008976852180653383,0.07484529494103642,1.3133901533931527,0.06680680019780993,120.01389080006629,0.3283090591430664,0.22014975547790527,4744.45703125,0.01953125,4780.0703125,231.3203125
5,B0018,XGBoost,GA,0.08216581341805226,0.08149530518262939,-60.5223174675607,11.873967993551258,0.07222389988601208,2.8508494002744555,0.30606651306152344,0.3082999028265476,4744.6796875,0.01953125,4744.953125,0.48828125
5,B0018,XGBoost,PSO,0.01053372399900563,0.009955181958370973,-0.011146861758539295,1.4529584470374046,0.2026863000355661,8.46685770014301,0.48230934143066406,0.38710027001798153,4747.13671875,1.86328125,4746.98046875,2.3203125
5,B0018,XGBoost,WOA,0.012024241740672632,0.010930664673243717,-0.3175459375473868,1.5968189013211165,0.037060500122606754,3.316166500095278,0.060843467712402344,0.27909991331398487,4745.296875,0.01953125,4745.5859375,0.30859375
5,B0018,LightGBM,GWO,0.012125421376860613,0.010925941394508176,-0.339812570937722,1.5971372407548527,0.08596930000931025,2.3761761002242565,0.4916114807128906,0.3586502280086279,4745.625,0.00390625,4746.62890625,1.34765625
5,B0018,LightGBM,RandomSearch,0.019808357859766937,0.017756532781605345,-2.5755867171812725,2.6006414090772525,0.030080900061875582,1.2530871001072228,0.12543392181396484,0.6207502447068691,4745.91796875,0.01953125,4746.6796875,1.07421875
5,B0018,LightGBM,Bayesian,0.008630848520568364,0.007582597052517487,0.3211757362769091,1.1065015619996237,0.09392879996448755,145.33078569965437,0.5248947143554688,0.373949995264411,4968.0,0.0390625,4989.13671875,243.23828125
5,B0018,LightGBM,GA,0.010137306358238207,0.008959592924291626,0.0635264591224165,1.3091516323474879,0.022197899874299765,1.4634807999245822,0.1550617218017578,0.6118998862802982,4968.01953125,0.00390625,4969.0234375,1.04296875
5,B0018,LightGBM,PSO,0.01100809473791472,0.009859129252267873,-0.10426850430959145,1.4403519178954924,0.05241099977865815,1.8878587000072002,0.18735694885253906,0.5900997202843428,4968.390625,0.01953125,4969.39453125,1.39453125
5,B0018,LightGBM,WOA,0.010337565021561603,0.009299224506669673,0.026161641765226062,1.3554525453947908,0.09476140001788735,4.917888000141829,0.7141904830932617,0.38444995880126953,4968.39453125,0.01953125,4969.3984375,1.02734375
6,B0005,RandomForest,PSO,0.018799894829023597,0.017092530777283236,-4.037289426710275,2.6064402175758934,0.4008776000700891,31.930945200379938,4.404282569885254,20.424050046131015,4971.828125,0.00390625,4971.828125,0.11328125
6,B0005,RandomForest,WOA,0.01999845256314993,0.018194126945165066,-4.700052420899675,2.772996618787835,0.1258356999605894,18.96436530025676,0.6346445083618164,8.431850001215935,4956.75,0.00390625,4970.828125,0.01953125
6,B0005,RandomForest,GA,0.019516649807821817,0.01785785418847172,-4.428709524796548,2.7227912471787574,0.17333489982411265,50.941923999693245,0.3399820327758789,11.346899904310703,4531.453125,0.00390625,4956.75,0.01953125
6,B0005,RandomForest,RandomSearch,0.01851750213673238,0.016844057178485694,-3.887096022250873,2.56851452629795,0.6635547000914812,54.80149730015546,3.501114845275879,43.59375010244548,4531.453125,0.01953125,4531.453125,0.01953125
6,B0005,RandomForest,Bayesian,0.018461907348870838,0.016777985062977993,-3.8577951793157155,2.558414442351848,0.3675814997404814,194.1268535000272,1.602585792541504,20.2885998878628,4690.86328125,0.01953125,4726.4296875,194.99609375
6,B0005,RandomForest,GWO,0.018630178111811214,0.01693120830336066,-3.9467513298032433,2.5816766342410555,0.4745208998210728,71.4198642000556,2.294266700744629,28.66535005159676,4687.25,0.01953125,4691.3046875,0.4609375
6,B0005,XGBoost,PSO,0.01562872671914624,0.014059054007581343,-2.481234347413428,2.144532016679947,0.2587343999184668,15.135243100114167,0.37092018127441406,0.20039989612996578,4692.23828125,3.2578125,4691.5859375,4.35546875
6,B0005,XGBoost,WOA,0.015061499176553667,0.013469316482228278,-2.233124808928031,2.0549174359795286,0.2852746001444757,14.294836999848485,0.3684988021850586,0.4630500916391611,4698.65234375,9.3046875,4696.0703125,7.0859375
6,B0005,XGBoost,GA,0.02034693532239786,0.01882759523360157,-4.900435597612222,2.8697241033257446,0.2538185999728739,14.424376599956304,0.38634490966796875,0.312149990350008,4691.09765625,1.76171875,4691.54296875,2.20703125
6,B0005,XGBoost,RandomSearch,0.07302204290948115,0.07254287928769751,-74.99657553156607,11.016855486519841,0.17176009994000196,9.313493300229311,0.32355403900146484,0.5070001352578402,4689.64453125,0.00390625,4689.90625,0.5703125
6,B0005,XGBoost,Bayesian,0.026232120769978735,0.024989106177968026,-8.807377032463437,3.8047369375832316,0.05935300001874566,209.758839499671,0.15838336944580078,0.17860019579529762,4431.484375,0.07421875,4895.34375,205.71875
6,B0005,XGBoost,GWO,0.01772312592959796,0.016175163323746973,-3.476789889089293,2.46580649267209,0.13635910023003817,5.908209800254554,0.3292388916015625,0.25269994512200356,4432.99609375,0.6484375,4432.64453125,2.51953125
6,B0005,LightGBM,PSO,0.01889831594166439,0.017238818146603437,-4.090169868394073,2.6286272010616694,0.09391580009832978,4.283456299919635,0.7709674835205078,0.5226000212132931,4431.09375,0.125,4432.6875,1.15234375
6,B0005,LightGBM,WOA,0.02017567204991956,0.01859564915010079,-4.801523893277523,2.8346588719432386,0.02503579994663596,1.3453418998979032,0.10286235809326172,0.610999995842576,4431.27734375,0.01953125,4432.28125,1.20703125
6,B0005,LightGBM,GA,0.025871029852589485,0.024121977945967467,-8.539233938989868,3.67561708376185,0.06045839982107282,3.3175070001743734,0.25380420684814453,0.3643999807536602,4433.1171875,1.1640625,4432.9765625,1.71875
6,B0005,LightGBM,RandomSearch,0.025243013913945803,0.02365695552521275,-8.081727751722964,3.6042058594075965,0.06194300018250942,1.4114938001148403,0.23370933532714844,0.3534499555826187,4433.1171875,1.0078125,4433.1171875,1.0234375
6,B0005,LightGBM,Bayesian,0.021140303683346524,0.019608730020120143,-5.369546445332169,2.988501788698353,0.03202399984002113,165.71733919996768,0.10772323608398438,0.39330008439719677,4562.20703125,0.01953125,4716.69140625,284.59765625
6,B0005,LightGBM,GWO,0.019670933108331023,0.018052240867959406,-4.5148790030496135,2.7522653308155745,0.09427870018407702,5.068962400313467,0.5818300247192383,0.7265000604093075,4435.7109375,0.01953125,4562.5546875,0.3671875
6,B0006,RandomForest,PSO,0.043195765067365985,0.03894748705373789,-4.4698131695012915,6.710058742069344,0.13025829987600446,17.090865300036967,0.3513345718383789,5.244349827989936,4435.47265625,0.01953125,4435.47265625,0.01953125
6,B0006,RandomForest,WOA,0.04577826200760781,0.04162287417117147,-5.1433994221096775,7.165317109990038,0.12132490007206798,17.45356830023229,0.4974527359008789,7.659150054678321,4435.47265625,0.01953125,4435.47265625,0.01953125
6,B0006,RandomForest,GA,0.041791742185893085,0.03741156568469719,-4.120013472923162,6.449287848050539,0.45802189968526363,40.728075799997896,1.8775644302368164,22.457450162619352,4435.47265625,0.01953125,4435.47265625,0.01953125
6,B0006,RandomForest,RandomSearch,0.04034144566194637,0.035601182766793235,-3.770820386091053,6.143628555997631,0.5924114999361336,25.260891700163484,5.618729591369629,26.141999987885356,4436.40234375,0.08203125,4436.33984375,0.8046875
6,B0006,RandomForest,Bayesian,0.040835314768944156,0.03597183397691528,-3.8883463245746634,6.207863241729434,0.32211209973320365,97.62582719977945,2.3274545669555664,14.989649876952171,4323.55859375,0.01953125,4436.58203125,0.01953125
6,B0006,RandomForest,GWO,0.04193426322073034,0.03686664204159404,-4.1549942529977,6.361234545539713,0.12737059965729713,28.47035920014605,0.9683084487915039,6.380850216373801,4323.69921875,0.01953125,4323.69921875,0.16015625
6,B0006,XGBoost,PSO,0.03547791240129356,0.03016731908789738,-2.689829219863679,5.220219338560654,0.3114785999059677,13.386801099870354,0.4125175476074219,0.3348500467836857,4327.1015625,2.45703125,4332.9453125,9.265625
6,B0006,XGBoost,WOA,0.036672503892161326,0.03158173501593106,-2.9424961534755396,5.459922273833903,0.09926909999921918,6.245165299624205,0.2116384506225586,0.15789992175996304,4329.5390625,4.15234375,4328.88671875,4.23828125
6,B0006,XGBoost,GA,0.14441316659626202,0.14322723411698296,-60.13694504156384,24.41943371930743,0.08099009981378913,4.698303800076246,0.3344860076904297,0.15895022079348564,4325.94140625,0.01953125,4326.16796875,0.57421875
6,B0006,XGBoost,RandomSearch,0.10425446605460835,0.10260541700501397,-30.862473576376697,17.52163368947272,0.051309899892657995,4.230573300272226,0.21117496490478516,0.285550020635128,4326.203125,0.01953125,4326.484375,0.55859375
6,B0006,XGBoost,Bayesian,0.03594384233314144,0.03032151859641765,-2.7873823656265686,5.248529652321884,0.22365149995312095,170.02175700012594,0.3598175048828125,0.15789992175996304,4547.03125,3.0546875,4583.6640625,257.48046875
6,B0006,XGBoost,GWO,0.03698370575629368,0.03243421440042672,-3.009691888317559,5.599979221553952,0.14429620001465082,8.622326100245118,0.33533573150634766,0.2124500460922718,4548.00390625,2.16015625,4547.37890625,3.39453125
6,B0006,LightGBM,PSO,0.04559461290866598,0.040298918257002075,-5.094207222416485,6.952642494857655,0.021450100000947714,1.2336709997616708,0.08842754364013672,0.39730011485517025,4545.98046875,0.01953125,4546.9765625,1.12890625
6,B0006,LightGBM,WOA,0.048426726831013144,0.04416863011288857,-5.874804991668505,7.603659922707573,0.013963500037789345,1.1886932998895645,0.04006004333496094,0.3463500179350376,4546.34375,0.01953125,4547.34765625,1.38671875
6,B0006,LightGBM,GA,0.04847045290857462,0.044449868840011564,-5.887225569745347,7.649116747182946,0.052534100133925676,2.3124680002219975,0.25697803497314453,0.3978998865932226,4546.4140625,0.01953125,4547.41796875,1.09375
6,B0006,LightGBM,RandomSearch,0.05300305973440699,0.050086194951792666,-7.235539105372899,8.596462698506564,0.01901120040565729,1.5270941001363099,0.04886054992675781,0.5997000262141228,4546.5625,0.01953125,4547.56640625,1.171875
6,B0006,LightGBM,Bayesian,0.0427755914576148,0.037158542675138025,-4.363918840495908,6.4198462841551285,0.11843990022316575,143.60246870014817,0.7706165313720703,0.6252501625567675,4752.7421875,1.109375,4778.46875,231.92578125
6,B0006,LightGBM,GWO,0.051346414565753624,0.04867412719940537,-6.728770251302336,8.35055267076908,0.03869679989293218,2.2051098998636007,0.1250286102294922,0.48774993047118187,4751.96484375,0.01953125,4752.76953125,1.05078125
6,B0018,RandomForest,PSO,0.01293998359232314,0.011820854545270477,-0.5258710022401465,1.7288914693401678,0.07026579976081848,12.434901299886405,0.4624338150024414,3.5322001203894615,4751.72265625,0.00390625,4751.72265625,0.01953125
6,B0018,RandomForest,WOA,0.011967624203532418,0.011096123991888496,-0.3051675131588736,1.6220604112523442,0.2168948999606073,22.38235120009631,1.154801368713379,11.554050026461482,4751.7265625,0.01953125,4751.7265625,0.0234375
6,B0018,RandomForest,GA,0.0118378947842598,0.010948896544938668,-0.2770247655100344,1.6003890943467733,0.4866937999613583,24.442819700110704,3.552109718322754,19.164100056514144,4751.921875,0.2109375,4751.73046875,0.0234375
6,B0018,RandomForest,RandomSearch,0.01196889129607509,0.01096577307035182,-0.3054439014448831,1.603507072730181,0.43540760036557913,25.646551500074565,1.2092294692993164,18.127300078049302,4751.92578125,0.00390625,4752.15234375,0.171875
6,B0018,RandomForest,Bayesian,0.012487074362843026,0.011523389270833701,-0.4209269928872488,1.6845070802362785,0.11185240000486374,141.02874729968607,0.9595193862915039,4.943500040099025,4934.1796875,0.05859375,4967.2265625,215.3203125
6,B0018,RandomForest,GWO,0.0127078614066505,0.01181285823962137,-0.4716187340389182,1.725973219159497,0.061075299978256226,41.55429490003735,0.3282632827758789,2.8294501826167107,4934.19140625,0.00390625,4934.19140625,0.03125
6,B0018,XGBoost,PSO,0.008848079880335835,0.00846420864013977,0.28657481260176954,1.2351899415782277,0.10003500012680888,8.480926500167698,0.2827949523925781,0.158949987962842,4937.69140625,2.09765625,4939.4453125,5.2734375
6,B0018,XGBoost,WOA,0.009743842777263163,0.009110168017428588,0.1348111698800193,1.3288575985593494,0.05869490001350641,4.244130800012499,0.11495780944824219,0.27585006318986416,4935.7421875,0.01953125,4938.16796875,2.5703125
6,B0018,XGBoost,GA,0.08357964642893523,0.08292057144849853,-62.65777100640558,12.081228007665121,0.07709139958024025,5.002568599767983,0.27530956268310547,0.2365501131862402,4936.01171875,0.01953125,4936.28125,0.5546875
6,B0018,XGBoost,RandomSearch,0.04062732092245062,0.039324414016896056,-14.041347255648427,5.740946337018307,0.06702170008793473,4.2463953997939825,0.14466476440429688,0.2523998264223337,4936.62890625,0.01953125,4936.75,0.7578125
6,B0018,XGBoost,Bayesian,0.011971002977235093,0.010981383206539918,-0.3059045831246938,1.6052232951685068,0.10021620010957122,164.46350990002975,0.32466602325439453,0.15199999324977398,3672.5078125,0.01953125,5149.68359375,212.9375
6,B0018,XGBoost,GWO,0.0140319430411881,0.012611755015545656,-0.7942625586145804,1.841968053120779,0.06876490032300353,3.8917187000624835,0.1575145721435547,0.27500023134052753,3674.203125,1.39453125,3673.828125,1.3359375
6,B0018,LightGBM,PSO,0.010604872835947068,0.009392336812007246,-0.024852344255333225,1.3713189765428218,0.1257947003468871,5.505222799722105,0.631678581237793,0.4192001651972532,3674.37109375,1.0234375,3674.37109375,1.55859375
6,B0018,LightGBM,WOA,0.009563240979873128,0.00830305904393001,0.16658643020243635,1.211654222433532,0.05579729983583093,2.243260399904102,0.2447948455810547,0.6593000143766403,3673.828125,0.00390625,3674.83203125,1.484375
6,B0018,LightGBM,GA,0.011764297301943422,0.010522928560592993,-0.2611953212888891,1.5391408723149735,0.07716720039024949,4.288004800211638,0.4603452682495117,0.38584996946156025,3674.8515625,1.0234375,3674.8515625,1.04296875
6,B0018,LightGBM,RandomSearch,0.01622066306868841,0.01421872912549848,-1.397659873427283,2.0805586301146373,0.028731500264257193,1.2746155001223087,0.115203857421875,0.40595000609755516,3673.84765625,0.01953125,3674.8515625,1.0234375
6,B0018,LightGBM,Bayesian,0.008950402157290933,0.007997722746113822,0.2699788086760141,1.1660280898220983,0.09062099969014525,162.11289579980075,0.4579048156738281,0.3766999579966068,3875.5234375,0.03125,3897.41015625,223.58203125
6,B0018,LightGBM,GWO,0.00899561161644614,0.008125929107538144,0.26258534954208645,1.1839512962450989,0.06252550007775426,2.3923788997344673,0.28328418731689453,0.3514497075229883,3877.0,1.0234375,3877.0,1.49609375
7,B0005,RandomForest,RandomSearch,0.018965631980676773,0.01727909987920733,-4.126496950281696,2.6347647095191915,0.33667280012741685,37.48577219992876,1.4976205825805664,12.666800059378147,287.41796875,0.0234375,287.41015625,0.078125
7,B0005,RandomForest,GA,0.019706564011221984,0.018023251567260867,-4.5348758259929625,2.7479223728366873,0.15452639991417527,22.394252799917012,0.6893472671508789,6.348699796944857,287.74609375,0.00390625,287.78125,0.15234375
7,B0005,RandomForest,Bayesian,0.01858432726940717,0.016741540817748417,-3.922432334116568,2.5532724703779106,0.10218819975852966,52.47514519980177,0.7204294204711914,3.0789999291300774,443.11328125,0.125,485.94140625,198.21484375
7,B0005,RandomForest,GWO,0.01834292970132337,0.016589459649606023,-3.7953848689552387,2.5301185228642464,0.12008439982309937,16.206140300258994,1.421494483947754,6.3136001117527485,443.20703125,0.01953125,443.20703125,0.11328125
7,B0005,RandomForest,WOA,0.018605156185587217,0.0168691370476422,-3.9334724309807036,2.572549449405081,0.16757090017199516,16.192265400197357,1.941605567932129,8.656050078570843,444.2109375,0.01953125,444.2109375,1.0234375
7,B0005,RandomForest,PSO,0.0185818040799584,0.016877402756623885,-3.9210957900488737,2.57355175017425,0.5128065999597311,36.36902069998905,5.152268409729004,21.74805011600256,448.68359375,0.0078125,448.68359375,4.4921875
7,B0005,XGBoost,RandomSearch,0.06582570111993567,0.06529057354161902,-60.755700510391385,9.917128050552316,0.06193079985678196,4.094474200159311,0.14167404174804688,0.2842000685632229,448.7265625,0.01953125,448.9921875,0.31640625
7,B0005,XGBoost,GA,0.04915462657757918,0.04845755474352449,-33.43617194369963,7.364180481043597,0.06950279977172613,4.831293600145727,0.1506328582763672,0.2818999346345663,449.80078125,1.06640625,449.015625,0.3046875
7,B0005,XGBoost,Bayesian,0.015361220582087139,0.013720242866787323,-2.3630824629038356,2.093456390021722,0.045908600091934204,42.13931300025433,0.05375385284423828,0.13975007459521294,638.03515625,0.01953125,655.35546875,206.62109375
7,B0005,XGBoost,GWO,0.015130662379648014,0.0134800728281239,-2.262886346893831,2.056746332720512,0.09850260009989142,8.225753699894994,0.3409891128540039,0.15525007620453835,641.65234375,2.76171875,643.7109375,5.6953125
7,B0005,XGBoost,WOA,0.016723126865080047,0.015048133482984175,-2.9858507649101176,2.29565646068613,0.0787754999473691,7.987852199934423,0.1329803466796875,0.1774500124156475,646.5546875,7.51953125,647.375,8.484375
7,B0005,XGBoost,PSO,0.019389379504565672,0.017726856811501372,-4.358137910166944,2.7028892399630267,0.07938640005886555,4.807433699723333,0.22680282592773438,0.29610004276037216,640.49609375,1.46484375,640.2421875,1.22265625
7,B0005,LightGBM,RandomSearch,0.031159394972378462,0.03001329331976053,-12.837705958824188,4.567454654508573,0.018423799891024828,1.346235299948603,0.08149909973144531,0.3406498581171036,639.11328125,0.01953125,640.1171875,1.0859375
7,B0005,LightGBM,GA,0.020713380914246588,0.019117817959610876,-5.114881551705383,2.914164991212018,0.15327139990404248,2.0547696999274194,0.6111955642700195,0.38860016502439976,639.12109375,0.01953125,640.125,1.03125
7,B0005,LightGBM,Bayesian,0.01970878083585392,0.01818337044598172,-4.5361211510721375,2.771737481371321,0.10471280012279749,63.48067840002477,0.703282356262207,0.351850176230073,968.65234375,0.03125,980.17578125,341.07421875
7,B0005,LightGBM,GWO,0.01957673430356026,0.017955919281255044,-4.462186927204545,2.737617550121497,0.05380229977890849,3.4890948003157973,0.49974727630615234,0.38940017111599445,969.01171875,0.01953125,970.015625,1.3828125
7,B0005,LightGBM,WOA,0.020478033399651017,0.01869680803970126,-4.97671516971229,2.850900494725953,0.06661440012976527,3.6769125000573695,0.5044012069702148,0.41619990952312946,970.0390625,1.0234375,970.51953125,1.52734375
7,B0005,LightGBM,PSO,0.020827100943072115,0.01915054234595591,-5.182209372264148,2.9193824190692217,0.039924100041389465,2.205577400047332,0.24721908569335938,0.3680500667542219,969.0703125,0.01953125,970.07421875,1.05859375
7,B0006,RandomForest,RandomSearch,0.040915671387590676,0.03608810096651804,-3.907604041804369,6.22784389350096,0.510281799826771,23.816999400034547,1.537491798400879,17.38619990646839,970.84765625,0.01953125,970.84765625,0.01953125
7,B0006,RandomForest,GA,0.04280426598491067,0.03790232427371915,-4.371112634168465,6.537354468850125,0.15826639998704195,21.270895699970424,0.5944070816040039,7.402549963444471,970.859375,0.01953125,970.859375,0.01953125
7,B0006,RandomForest,Bayesian,0.04159866544402616,0.03686204720451219,-4.072814102046383,6.358394482221624,0.07780400011688471,68.19573249993846,0.9200601577758789,3.85090010240674,1159.7421875,0.02734375,1201.10546875,230.265625
7,B0006,RandomForest,GWO,0.04474994826181033,0.04037877364780525,-4.870501815181512,6.954086707576708,0.06497399974614382,16.55783069971949,0.2973642349243164,2.6409500278532505,1160.16015625,0.00390625,1160.16015625,0.41796875
7,B0006,RandomForest,WOA,0.042152720777049645,0.03768128011615715,-4.20884428906772,6.495549581438678,0.4662962998263538,42.46637949999422,5.965439796447754,24.955449858680367,1162.09375,0.00390625,1162.09375,1.953125
7,B0006,RandomForest,PSO,0.04221407317730153,0.037779327226637724,-4.224018050628155,6.512085493518545,0.3981049000285566,36.50417390000075,5.149109840393066,20.835349801927805,1165.13671875,0.01953125,1165.13671875,2.78125
7,B0006,XGBoost,RandomSearch,0.09072020715325116,0.08882023357529595,-23.126716332178123,15.18083641763504,0.07289709988981485,4.193163600284606,0.2139759063720703,0.27594994753599167,1166.18359375,0.03515625,1166.35546875,0.953125
7,B0006,XGBoost,GA,0.0642536771947667,0.061615467851994156,-11.102807502086305,10.559618819290172,0.14891349989920855,5.509138899855316,0.3339271545410156,0.25500007905066013,1166.5390625,0.01953125,1166.76171875,0.59765625
7,B0006,XGBoost,Bayesian,0.03533838610612452,0.03025469032719275,-2.6608638260797504,5.233444296063732,0.06515729986131191,51.27045499999076,0.27667999267578125,0.2607000060379505,1374.5390625,0.046875,1401.3671875,234.79296875
7,B0006,XGBoost,GWO,0.036403227062704824,0.03046558302283977,-2.884811232113628,5.276494837680689,0.11241069994866848,7.654493799898773,0.38838863372802734,0.16820011660456657,1377.59765625,2.65625,1377.9921875,3.203125
7,B0006,XGBoost,WOA,0.03665098435063196,0.031424160967521965,-2.9378705725468532,5.433113752779447,0.06446139980107546,4.360112200025469,0.14906692504882812,0.2388001885265112,1375.078125,0.01953125,1376.55859375,1.6171875
7,B0006,XGBoost,PSO,0.035235487286807726,0.029639105018384203,-2.639575353758926,5.131166629047438,0.058420199900865555,4.962589799892157,0.14265727996826172,0.26390026323497295,1368.9609375,2.51171875,1376.83984375,1.78125
7,B0006,LightGBM,RandomSearch,0.050282940485472785,0.046185919972199826,-6.4119330046581275,7.943432534314433,0.048378000035881996,1.3926329999230802,0.23479270935058594,0.35850005224347115,1366.6015625,0.01953125,1367.60546875,1.1015625
7,B0006,LightGBM,GA,0.0492091885612747,0.04616704794347867,-6.098761072896003,7.929785439249308,0.04915839992463589,2.5817710999399424,0.20074939727783203,0.41944999247789383,1366.62109375,0.00390625,1367.625,1.03125
7,B0006,LightGBM,Bayesian,0.04833919271510253,0.044462417444854956,-5.8499742364119856,7.6473230419338085,0.022681699600070715,50.951844200026244,0.09772586822509766,0.5945502780377865,1595.98046875,0.01953125,1636.11328125,269.51171875
7,B0006,LightGBM,GWO,0.04239762462069222,0.03754201285236509,-4.269546028885263,6.477404570887811,0.08213340025395155,4.326547000091523,0.4761381149291992,0.6830999627709389,1596.3984375,0.01953125,1597.41796875,1.4453125
7,B0006,LightGBM,WOA,0.05108001180799612,0.04760413226152899,-6.648779295077392,8.179649599785813,0.013308299705386162,0.8712094998918474,0.037837982177734375,0.435100169852376,1596.453125,0.01953125,1597.44140625,1.0625
7,B0006,LightGBM,PSO,0.04407795549863819,0.038911808105693835,-4.695515469758812,6.7144910368513315,0.03996310010552406,2.413090900052339,0.3217611312866211,0.3411499783396721,1596.67578125,0.01953125,1597.6796875,1.24609375
7,B0018,RandomForest,RandomSearch,0.011701291184944769,0.010852886127415352,-0.24772231433352143,1.586295572837216,0.30241140024736524,21.91243869997561,1.7184457778930664,13.483850052580237,1596.6953125,0.01953125,1596.6953125,0.01953125
7,B0018,RandomForest,GA,0.012259942409129249,0.01133094491272687,-0.3697055913431093,1.6567826640433863,0.16280530020594597,15.248025499749929,0.6698923110961914,9.553649928420782,1596.703125,0.01953125,1596.703125,0.01953125
7,B0018,RandomForest,Bayesian,0.011305357991866122,0.010395350874609837,-0.16471322471197358,1.519788369647138,0.13926429999992251,54.96838819980621,1.2897043228149414,6.708999862894416,1760.87109375,0.046875,1789.01953125,192.3359375
7,B0018,RandomForest,GWO,0.011799756450891272,0.01089962850963518,-0.26880959844885166,1.5935471136788222,0.17334959981963038,17.503144499845803,0.6732797622680664,7.917700102552772,1760.9609375,0.01953125,1760.9609375,0.0703125
7,B0018,RandomForest,WOA,0.012406452236488022,0.011562066914799846,-0.4026379472792778,1.6892134506607255,0.09226060006767511,11.406461500097066,0.5439615249633789,3.987800097092986,1760.96484375,0.00390625,1760.96484375,0.0234375
7,B0018,RandomForest,PSO,0.012206943854519882,0.01126344316438771,-0.35788897603796066,1.646764807656641,0.16978150000795722,17.998689599800855,0.9456033706665039,8.58689984306693,1760.96875,0.0234375,1760.96484375,0.01953125
7,B0018,XGBoost,RandomSearch,0.0627573781638987,0.06187691319196777,-34.89053661287588,9.021091798943331,0.03271250007674098,3.66647640010342,0.070159912109375,0.2531500067561865,1761.07421875,0.01953125,1761.35546875,0.41015625
7,B0018,XGBoost,GA,0.05392212040490561,0.05289479124754028,-25.496242633905133,7.714925529836256,0.030259599909186363,2.7597254998981953,0.04879188537597656,0.26124995201826096,1761.08203125,0.01953125,1761.34765625,0.2890625
7,B0018,XGBoost,Bayesian,0.009875502138174732,0.00928433764188843,0.11127224551747972,1.354463861147188,0.10937010031193495,42.11635629972443,0.25402164459228516,0.32204994931817055,1902.0625,1.76953125,1937.95703125,176.89453125
7,B0018,XGBoost,GWO,0.014164780024295278,0.012800296427899172,-0.8283950517072767,1.8730606918721269,0.05683209979906678,3.6012035999447107,0.12209892272949219,0.28325035236775875,1900.4921875,0.01953125,1900.77734375,0.33984375
7,B0018,XGBoost,WOA,0.009842353042997996,0.009283450640719604,0.11722861623098968,1.3550409562793904,0.17316479980945587,9.97618109965697,0.3704214096069336,0.3558499738574028,1902.68359375,2.17578125,1902.52734375,2.05078125
7,B0018,XGBoost,PSO,0.0075242658645573645,0.007121795810740661,0.48408443131009515,1.0378566283282535,0.30854499991983175,11.676899199839681,0.5519266128540039,0.30710012651979923,1903.4375,1.53515625,1903.4140625,2.90234375
7,B0018,LightGBM,RandomSearch,0.01406371488439584,0.01262356103322027,-0.8023970796333033,1.8459546417185237,0.043096600100398064,0.9704029001295567,0.25795650482177734,0.5922000855207443,1901.90625,0.01953125,1902.91015625,1.0234375
7,B0018,LightGBM,GA,0.015811382876324543,0.01398289306002734,-1.2781907233469618,2.0478252373052332,0.020588899962604046,0.9814965003170073,0.05660724639892578,0.5298499017953873,1901.99609375,0.01953125,1903.0,1.11328125
7,B0018,LightGBM,Bayesian,0.011973289673676356,0.010098754584099784,-0.3064035375699712,1.4789494284792226,0.024559599813073874,49.72716260002926,0.16889286041259766,0.3564499784260988,2147.39453125,0.01953125,2185.55859375,283.58203125
7,B0018,LightGBM,GWO,0.012129183962317974,0.010959323659791863,-0.3406442024807632,1.6004108363716705,0.026008199900388718,1.9735233997926116,0.08420181274414062,0.35515008494257927,2147.48828125,0.01953125,2148.4921875,1.1171875
7,B0018,LightGBM,WOA,0.01177206241319735,0.010553474439072657,-0.26286079331981904,1.5419143895596894,0.04917060025036335,1.9319687997922301,0.22103500366210938,0.3481500316411257,2147.48828125,0.00390625,2148.4921875,1.0234375
7,B0018,LightGBM,PSO,0.01186226433816741,0.010852883795420288,-0.2822879574662296,1.5846038314591657,0.037225599866360426,2.8040351001545787,0.24315643310546875,0.37824991159141064,2147.94921875,0.01953125,2148.953125,1.48046875
8,B0005,RandomForest,GWO,0.01893747722299798,0.01736128694243772,-4.1112875287756765,2.646785351692467,0.14071930013597012,30.579353800043464,0.8477792739868164,5.467500071972609,2150.296875,0.00390625,2150.33203125,0.01953125
8,B0005,RandomForest,RandomSearch,0.01929074518886587,0.017629880700969363,-4.3037625725313635,2.68809855042769,0.4991888999938965,22.261269400361925,2.296830177307129,21.75099984742701,2150.296875,0.01953125,2150.296875,0.01953125
8,B0005,RandomForest,GA,0.018820288612652846,0.017126391354791902,-4.048224074065203,2.6114296795084964,0.33593099983409047,40.83612190000713,2.352860450744629,15.088599873706698,2150.546875,0.01953125,2150.546875,0.26953125
8,B0005,RandomForest,PSO,0.018553316149629705,0.016865524593301998,-3.9060182046081318,2.571789402668244,0.4634883003309369,39.812609400134534,4.677338600158691,19.528400152921677,2150.546875,0.01953125,2150.546875,0.01953125
8,B0005,RandomForest,Bayesian,0.018836030789303734,0.017121141958825914,-4.056672751237528,2.610876858774105,0.17238779971376061,56.18853469984606,1.6047372817993164,6.7547999788075686,2290.515625,0.01953125,2326.3828125,175.85546875
8,B0005,RandomForest,WOA,0.018529748690295667,0.01681765867144437,-3.893562323558177,2.564557840282088,0.19896569987758994,20.663174900226295,2.006058692932129,8.20270017720759,2290.53515625,0.01953125,2290.53515625,0.0390625
8,B0005,XGBoost,GWO,0.016642847080312013,0.014837236202364481,-2.947674268330116,2.264139886695018,0.10621979972347617,6.940349499695003,0.30468082427978516,0.3113499842584133,2292.6640625,1.9609375,2294.5,3.984375
8,B0005,XGBoost,RandomSearch,0.06719473806167486,0.06667059988210364,-63.351192003938664,10.126403789849283,0.06818069983273745,4.228592799976468,0.24490642547607422,0.17685000784695148,2291.00390625,0.01953125,2291.2578125,0.5546875
8,B0005,XGBoost,GA,0.03560028147149059,0.03456768034023116,-17.06312672176679,5.257446371172258,0.0672367000952363,4.721543199848384,0.3101472854614258,0.1799999736249447,2291.30078125,0.01953125,2291.54296875,0.55859375
8,B0005,XGBoost,PSO,0.016050734886099465,0.014219327497753672,-2.671773712262496,2.170306263072804,0.10780269978567958,5.83311690017581,0.2861595153808594,0.1612999476492405,2298.171875,6.23828125,2296.74609375,5.46484375
8,B0005,XGBoost,Bayesian,0.01742690962082241,0.015931982143380034,-3.3283943657666404,2.4287325180689696,0.046834600158035755,49.71836700011045,0.05610847473144531,0.18139975145459175,2493.85546875,0.01953125,2531.8046875,239.87109375
8,B0005,XGBoost,WOA,0.015633207202439294,0.013962790213782751,-2.4832306518334595,2.130398560395645,0.07077600015327334,4.449100499972701,0.09888935089111328,0.2798002678900957,2496.6015625,2.65625,2496.78125,2.9453125
8,B0005,LightGBM,GWO,0.020569333029067653,0.018999555654151973,-5.030127358868612,2.896110471743613,0.02178880013525486,1.4420056999661028,0.07886981964111328,0.3434999380260706,2493.96484375,0.00390625,2494.96875,1.0234375
8,B0005,LightGBM,RandomSearch,0.021527733029689175,0.01997471700710446,-5.605149674860451,3.044315301295292,0.030568900052458048,1.1450541000813246,0.14906692504882812,0.3721499815583229,2493.98046875,0.01953125,2494.984375,1.0390625
8,B0005,LightGBM,GA,0.035572206984686876,0.034564840349838075,-17.034648685278093,5.257707684842021,0.03166950028389692,2.0314837000332773,0.1270303726196289,0.36245002411305904,2493.98046875,0.01953125,2494.984375,1.0234375
8,B0005,LightGBM,PSO,0.02187898130665962,0.02037908038255861,-5.822448401336989,3.105511201459852,0.10506049962714314,5.630962500348687,0.7689714431762695,0.388850225135684,2494.20703125,0.01953125,2495.2109375,1.25
8,B0005,LightGBM,Bayesian,0.019387555836728722,0.017828886843496015,-4.357130038384048,2.718014581313591,0.05648149969056249,48.56968639977276,0.5257558822631836,0.363099854439497,2681.54296875,0.01953125,2725.0234375,230.8359375
8,B0005,LightGBM,WOA,0.022842194960693604,0.02133770861603183,-6.4363827237077995,3.251302428253449,0.02101110015064478,1.122281199786812,0.05283832550048828,0.3373499494045973,2681.734375,0.01953125,2682.73828125,1.21484375
8,B0006,RandomForest,GWO,0.039998064010379523,0.03501155387887685,-3.6899487156883586,6.04583602451821,0.2990464000031352,21.112491300329566,3.0845041275024414,13.125300174579024,2681.75390625,0.00390625,2681.75390625,0.0390625
8,B0006,RandomForest,RandomSearch,0.041082687952016354,0.036801467707315946,-3.9477512047235823,6.345091326308541,0.1424404000863433,23.807167700026184,0.6281442642211914,5.934750195592642,2681.73828125,0.00390625,2681.7421875,0.01953125
8,B0006,RandomForest,GA,0.04188230073331334,0.03751877411742522,-4.142226633332955,6.4684482420156595,0.23282769974321127,14.889853300061077,0.5797128677368164,9.859899990260601,2681.73828125,0.01953125,2681.73828125,0.01953125
8,B0006,RandomForest,PSO,0.03996794655669047,0.035196795816128196,-3.6828885672387894,6.075706790514335,0.490229899995029,38.3309232997708,4.686264991760254,19.88214999437332,2682.87890625,0.01953125,2682.87890625,1.16015625
8,B0006,RandomForest,Bayesian,0.04024204656710688,0.0353778789113586,-3.7473392737918996,6.106659955709912,0.5442608003504574,60.77412379998714,6.037949562072754,25.411049835383892,2837.2734375,0.078125,2875.14453125,192.28515625
8,B0006,RandomForest,WOA,0.04155274860131722,0.03689254766692176,-4.061621480777219,6.363968970802153,0.45457549998536706,37.8298859000206,2.0419931411743164,25.648499839007854,2836.03125,0.07421875,2837.5546875,0.1171875
8,B0006,XGBoost,GWO,0.039112925718003,0.03523692566716444,-3.4846727523935535,6.070897179219566,0.1380483997054398,6.197997100185603,0.41782093048095703,0.1970999874174595,2840.3515625,2.2578125,2838.859375,2.84765625
8,B0006,XGBoost,RandomSearch,0.09678421712046432,0.09513847034812661,-26.459917901829048,16.248193728258737,0.12325659999623895,4.160950199700892,0.3712129592895508,0.2797499764710665,2838.2109375,0.01953125,2838.4453125,0.34765625
8,B0006,XGBoost,GA,0.08272666198495597,0.08089858830076689,-19.06232000917309,13.827817909807678,0.07609259989112616,4.619499700143933,0.24125289916992188,0.2854501362890005,2838.21484375,0.01953125,2839.484375,1.29296875
8,B0006,XGBoost,PSO,0.0430230378427975,0.03730156637256652,-4.426156265379575,6.446390883589979,0.06014649989083409,3.234450700227171,0.056282997131347656,0.2701501362025738,2838.21875,0.01953125,2838.49609375,0.30078125
8,B0006,XGBoost,Bayesian,0.04172379825029371,0.03703454444143178,-4.103379034380215,6.389050191966772,0.08618939993903041,51.65324690006673,0.34143924713134766,0.34949975088238716,3013.61328125,1.1640625,3045.87109375,207.66796875
8,B0006,XGBoost,WOA,0.06172401047580033,0.058874142491916075,-10.16859195331312,10.095523513072305,0.06996889971196651,5.237799599766731,0.19445133209228516,0.2779499627649784,3012.828125,0.01953125,3013.0859375,0.6328125
8,B0006,LightGBM,GWO,0.05059421043746949,0.04731691933039451,-6.503982234298387,8.128639572950279,0.04192669969052076,2.0634832000359893,0.26801013946533203,0.35945000126957893,3012.859375,0.01953125,3013.83984375,1.03125
8,B0006,LightGBM,RandomSearch,0.05840741050124168,0.05613227690618682,-9.000599978358782,9.615935572148222,0.04897500015795231,1.2712762001901865,0.15230464935302734,0.3489500377327204,3013.00390625,0.01953125,3013.99609375,1.15625
8,B0006,LightGBM,GA,0.051106602406285145,0.04812847026738483,-6.656744780926583,8.2637015204922,0.051015099976211786,1.4642475000582635,0.26107215881347656,0.35370001569390297,3013.171875,0.01953125,3014.17578125,1.1328125
8,B0006,LightGBM,PSO,0.04490677104259792,0.04058496319686976,-4.911719362514582,6.993193961102762,0.05282319989055395,3.072250900324434,0.36197662353515625,0.5580999422818422,3013.171875,0.01953125,3014.17578125,1.0234375
8,B0006,LightGBM,Bayesian,0.04464090322434874,0.038747216852087804,-4.841926624852026,6.695123981508158,0.030769700184464455,67.95720370020717,0.13831710815429688,0.602399930357933,3276.45703125,0.0,3298.23828125,285.0859375
8,B0006,LightGBM,WOA,0.04662293195041758,0.0419450370864131,-5.372198766068486,7.2296484802802095,0.06898900028318167,3.9345660000108182,0.5033950805664062,0.35425019450485706,3278.1328125,1.0234375,3278.1328125,1.55859375
8,B0018,RandomForest,GWO,0.01166813408657392,0.01068111383957629,-0.2406611727765149,1.5620349375937013,0.23247049981728196,30.516063699964434,1.208542823791504,13.302300125360489,3277.140625,0.01953125,3277.140625,0.01953125
8,B0018,RandomForest,RandomSearch,0.011107703308062548,0.010127004226562852,-0.12434323324703289,1.4807471566745676,0.06456900015473366,22.67752939974889,0.4608774185180664,2.8027500957250595,3277.14453125,0.01953125,3277.14453125,0.0234375
8,B0018,RandomForest,GA,0.01436472479255249,0.013190423489148234,-0.88037725065456,1.9284417983109765,0.03823099983856082,27.384887100197375,0.0628061294555664,2.711750101298094,3277.14453125,0.00390625,3277.14453125,0.01953125
8,B0018,RandomForest,PSO,0.011390755420421976,0.01056565660441161,-0.18237550022476134,1.544358087661454,0.2625359003432095,27.064757300075144,2.3574838638305664,12.317500077188015,3277.14453125,0.00390625,3277.14453125,0.01953125
8,B0018,RandomForest,Bayesian,0.011259499656926086,0.010453343964857248,-0.15528345148871292,1.527617474272955,0.1528707998804748,65.39527340000495,1.2897043228149414,6.967799970880151,3420.68359375,0.04296875,3453.23828125,176.11328125
8,B0018,RandomForest,WOA,0.01152751927588927,0.010667913545012776,-0.21093848736322052,1.5595830892714564,0.3989229998551309,29.84113710001111,3.786026954650879,19.302800064906478,3420.71484375,0.0546875,3420.68359375,0.01953125
8,B0018,XGBoost,GWO,0.009024983219016607,0.008461758889239501,0.25776201779157104,1.2350793233698638,0.31789710000157356,7.233548100106418,0.6510953903198242,0.38295029662549496,3424.140625,1.078125,3423.30078125,2.60546875
8,B0018,XGBoost,RandomSearch,0.03770116419766147,0.03650279867857056,-11.952687595537443,5.328832418436895,0.06442820001393557,3.7989488001912832,0.22022056579589844,0.1924498938024044,3423.1796875,0.01953125,3423.41796875,0.3515625
8,B0018,XGBoost,GA,0.013193376134055705,0.012080051781826784,-0.586215745356262,1.7654659853739878,0.08637210028246045,5.276046699844301,0.3510732650756836,0.22395001724362373,3424.55859375,1.39453125,3424.18359375,1.0234375
8,B0018,XGBoost,PSO,0.008835580538270767,0.008062359520195007,0.2885890455156227,1.1758668820442246,0.052099000196903944,3.931630900129676,0.08591079711914062,0.2832501195371151,3425.1875,2.01953125,3425.0546875,1.88671875
8,B0018,XGBoost,Bayesian,0.01452554273787368,0.0130290581134903,-0.9227158455682165,1.9047892512858013,0.10418020002543926,72.58969190018252,0.3723154067993164,0.5958499386906624,3704.421875,3.3125,3728.8984375,305.7265625
8,B0018,XGBoost,WOA,0.012284177965146833,0.011522119524174501,-0.37512623462568384,1.681439387455096,0.056505399756133556,3.7988168001174927,0.08912277221679688,0.24940026924014091,3701.17578125,0.01953125,3705.25,4.1484375
8,B0018,LightGBM,GWO,0.013883804904772142,0.012568580334073237,-0.7565777326711012,1.8356665357343525,0.0282837999984622,1.5828431001864374,0.1276082992553711,0.357150100171566,3701.2734375,0.00390625,3702.27734375,1.12109375
8,B0018,LightGBM,RandomSearch,0.02160270654665713,0.019951274808403772,-3.2527191302052465,2.918557689969918,0.010757800191640854,1.169376999605447,0.03067302703857422,0.606499845162034,3701.34375,0.00390625,3702.34765625,1.09375
8,B0018,LightGBM,GA,0.014518198036397869,0.01203030454107279,-0.9207719314724112,1.7631640954097738,0.022053400054574013,1.4216134999878705,0.06809711456298828,0.3573000431060791,3701.34375,0.00390625,3702.34765625,1.0234375
8,B0018,LightGBM,PSO,0.009033325274228994,0.00817710347163611,0.25638923920481227,1.1932646020115618,0.05558239994570613,2.9706016001291573,0.4344797134399414,0.37834979593753815,3701.5859375,0.01953125,3702.58984375,1.265625
8,B0018,LightGBM,Bayesian,0.009494861081514313,0.008357455480613929,0.1784621096848259,1.2195339805240701,0.05745469965040684,93.06327259959653,0.3931312561035156,0.6432498339563608,4057.015625,1.03125,4097.44140625,395.875
8,B0018,LightGBM,WOA,0.00819571648404226,0.00718501683438662,0.38789740435738207,1.0471643855853185,0.11528610019013286,5.785762900020927,0.9252681732177734,0.6930998060852289,4057.0546875,1.0234375,4057.890625,1.8984375
9,B0005,RandomForest,Bayesian,0.018883473991644417,0.01722234967473065,-4.0821777932410575,2.625986220278272,0.14609419973567128,60.943791600409895,1.3581857681274414,5.694400053471327,4183.7421875,0.02734375,4223.171875,164.515625
9,B0005,RandomForest,GA,0.01985146363054753,0.01819530387535752,-4.616569408092396,2.7739379480916053,0.29903649957850575,29.01194280013442,1.394486427307129,15.104600228369236,4183.77734375,0.0078125,4183.78515625,0.01953125
9,B0005,RandomForest,WOA,0.02045676131468996,0.018671307478798707,-4.964304685084166,2.8465979132878774,0.20234629977494478,23.375174100045115,1.2638864517211914,11.961699929088354,4183.78125,0.01953125,4183.78515625,0.03125
9,B0005,RandomForest,PSO,0.01883447498192761,0.01715486303362027,-4.055837449581091,2.6157235330102706,0.5329261999577284,46.547734200023115,5.624817848205566,23.30065006390214,4187.2109375,0.00390625,4187.2109375,3.44921875
9,B0005,RandomForest,GWO,0.018781933987013437,0.01706372370099862,-4.027669081239818,2.601952500037739,0.2898935996927321,33.8424838995561,3.005356788635254,12.558749876916409,4192.04296875,0.01953125,4192.04296875,4.5625
9,B0005,RandomForest,RandomSearch,0.019474585730867133,0.01780409130310003,-4.4053338355187455,2.71462727530241,0.14342730026692152,26.355315499939024,0.6681070327758789,6.511799991130829,4192.04296875,0.01953125,4192.046875,0.0234375
9,B0005,XGBoost,Bayesian,0.01898395800472177,0.017256461539906662,-4.1364089528390515,2.6313421005323083,0.07565980032086372,76.3366833999753,0.12245750427246094,0.16444968059659004,4438.8046875,5.54296875,4470.34375,278.3203125
9,B0005,XGBoost,GA,0.050606373945566475,0.04993457618094937,-35.50030604467092,7.588054098242468,0.061606500297784805,4.322209300007671,0.16277027130126953,0.15290011651813984,4432.953125,1.125,4433.52734375,0.26171875
9,B0005,XGBoost,WOA,0.016152828328699385,0.01416991753972121,-2.718632153914222,2.1633790876864,0.08460829965770245,4.722351099830121,0.14176082611083984,0.27570012025535107,4437.5703125,5.359375,4441.12890625,9.23828125
9,B0005,XGBoost,PSO,0.0163672226369313,0.014601809317933376,-2.8180010658259764,2.2279062927917574,0.10177020030096173,8.970277899876237,0.29958438873291016,0.29665022157132626,4434.1875,1.5625,4438.6875,6.4609375
9,B0005,XGBoost,GWO,0.01854057163842371,0.016660796752027144,-3.8992805056506166,2.541833141957296,0.14786900021135807,5.6978710000403225,0.30667686462402344,0.23434986360371113,4440.72265625,7.33203125,4437.7421875,5.1171875
9,B0005,XGBoost,RandomSearch,0.06611643063043397,0.06558731985060598,-61.30241260159206,9.962060251558864,0.06367960013449192,4.145186999812722,0.2660388946533203,0.27949968352913857,4433.5859375,0.01953125,4433.80078125,0.41015625
9,B0005,LightGBM,Bayesian,0.02022168495684073,0.01861054314621282,-4.828016133772087,2.8371018407873874,0.08578369999304414,71.09395129978657,0.8204202651977539,0.6397000979632139,4655.48828125,0.03515625,4697.3515625,263.78515625
9,B0005,LightGBM,GA,0.022799998129485056,0.021135255616181934,-6.408933352025489,3.2203132579737774,0.05591099988669157,2.831918100360781,0.25704288482666016,0.6162000354379416,4657.1328125,1.0234375,4657.1328125,1.19921875
9,B0005,LightGBM,WOA,0.022488360036037856,0.02087905646535629,-6.207781895980703,3.181676191454489,0.03234889963641763,1.8535014996305108,0.1610107421875,0.5949498154222965,4656.21875,0.01953125,4657.22265625,1.11328125
9,B0005,LightGBM,PSO,0.01962768541408035,0.017974501461733947,-4.490656093523042,2.740334481435506,0.10293689975515008,3.866097600199282,0.7015914916992188,0.41520013473927975,4659.140625,1.546875,4658.6171875,2.41796875
9,B0005,LightGBM,GWO,0.023241291789135244,0.021665284219174415,-6.6985084657519325,3.30142307809269,0.03286200016736984,1.6058323001489043,0.10280609130859375,0.4073998425155878,4657.25390625,0.01953125,4658.2578125,1.2421875
9,B0005,LightGBM,RandomSearch,0.0220082603099652,0.02049159609937224,-5.9033118661843424,3.1225260419404193,0.07153439987450838,1.2970084003172815,0.3532733917236328,0.3861500881612301,4657.26171875,0.01953125,4658.265625,1.03125
9,B0006,RandomForest,Bayesian,0.040032158950834805,0.036294017938371795,-3.6979476865495533,6.252125326662676,0.06948939990252256,68.42869790038094,0.6810159683227539,2.8659498784691095,4794.49609375,0.03125,4823.84375,165.671875
9,B0006,RandomForest,GA,0.040815596576981236,0.03669788630880977,-3.883626582364271,6.325290117034224,0.14002060005441308,23.21171549987048,0.9708261489868164,6.385849788784981,4794.53515625,0.01953125,4794.53515625,0.05859375
9,B0006,RandomForest,WOA,0.043846887975706246,0.039490206163957126,-4.63595739313631,6.8039942039054875,0.24612489994615316,24.30353959975764,1.0065317153930664,14.031150145456195,4794.58203125,0.01953125,4794.58203125,0.06640625
9,B0006,RandomForest,PSO,0.03932892148271431,0.03501541151893965,-3.5343414988377724,6.040060000754766,0.07272899989038706,13.018705000169575,0.6681528091430664,2.910250099375844,4794.5859375,0.01953125,4794.5859375,0.0234375
9,B0006,RandomForest,GWO,0.04062395293442052,0.03566016509915901,-3.8378735449281773,6.155463467804631,0.26450910000130534,27.418351599946618,3.374680519104004,13.682899763807654,4797.6171875,0.0234375,4797.61328125,3.046875
9,B0006,RandomForest,RandomSearch,0.04114637349028572,0.036625261321624615,-3.9631028988478354,6.316377612713425,0.22464210027828813,24.071644899901003,2.525895118713379,10.489449836313725,4797.71875,0.01953125,4797.71875,0.12109375
9,B0006,XGBoost,Bayesian,0.036289429481124125,0.031151597774744664,-2.860561121465369,5.385743405831007,0.1086706998758018,82.68671200005338,0.34426307678222656,0.3076000139117241,5052.9921875,7.28125,5092.57421875,294.875
9,B0006,XGBoost,GA,0.11236054397449409,0.11083216928620293,-36.00989200241519,18.91857986679938,0.06415320001542568,4.875816300045699,0.3038806915283203,0.28445012867450714,5046.703125,0.0234375,5046.96484375,0.50390625
9,B0006,XGBoost,WOA,0.03669492564086282,0.031977814757922544,-2.9473185502036525,5.522831117704005,0.15428549982607365,11.28705450007692,0.3767375946044922,0.2763001248240471,5049.5703125,1.9609375,5053.28515625,6.6015625
9,B0006,XGBoost,PSO,0.036348054845254905,0.03160045316687687,-2.8730446253151274,5.457964073986056,0.07891190005466342,4.389222000259906,0.16119098663330078,0.28069992549717426,5050.84765625,2.65625,5050.41015625,2.80078125
9,B0006,XGBoost,GWO,0.037321018042907,0.03281626641851895,-3.0831667431104774,5.665023865147468,0.09498090017586946,4.488491400144994,0.18649959564208984,0.19085011444985867,5049.65625,1.4609375,5049.31640625,1.125
9,B0006,XGBoost,RandomSearch,0.08728229176193064,0.0853178898656437,-21.332761785493904,14.585606158872523,0.052354800049215555,4.327210200019181,0.17145442962646484,0.2833500038832426,5048.30078125,0.01953125,5048.51171875,0.31640625
9,B0006,LightGBM,Bayesian,0.04781398551006929,0.04447135067011769,-5.701932397597403,7.64156453773462,0.0723778996616602,71.17731670010835,0.3693246841430664,0.358599703758955,5234.54296875,0.00390625,5274.2578125,225.9765625
9,B0006,LightGBM,GA,0.05262725950769413,0.04975612409807527,-7.119170512811756,8.539713951581357,0.030135000124573708,1.8005254999734461,0.08302974700927734,0.3305997233837843,5235.125,0.01953125,5236.01171875,1.1171875
9,B0006,LightGBM,WOA,0.05045587183255548,0.04612911452857217,-6.4630023984224785,7.937887725689493,0.02034100005403161,0.9355115001089871,0.0682363510131836,0.5592000670731068,5235.1328125,0.01953125,5236.13671875,1.03125
9,B0006,LightGBM,PSO,0.043442066779865826,0.03784317197598868,-4.532368620333081,6.536448289831322,0.1400887002237141,7.5104318000376225,0.8828239440917969,0.3801998682320118,5235.484375,0.01953125,5238.140625,3.02734375
9,B0006,LightGBM,GWO,0.049674369626036156,0.046149019388998985,-6.233606513146159,7.928875496646971,0.04480920033529401,1.790019900072366,0.1478567123413086,0.36535016261041164,5235.484375,0.01953125,5236.48828125,1.0234375
9,B0006,LightGBM,RandomSearch,0.055118825217781546,0.05253771821590206,-7.906151054873876,9.0080028551861,0.03457349957898259,1.2175394999794662,0.12009906768798828,0.5402499809861183,5235.72265625,0.01171875,5236.7265625,1.26171875
9,B0018,RandomForest,Bayesian,0.011511154050225214,0.01052617519159868,-0.20750267187198035,1.5392341930301863,0.4201470999978483,70.02183149987832,3.6680612564086914,19.264600006863475,5395.23046875,1.20703125,5435.51953125,199.81640625
9,B0018,RandomForest,GA,0.011640176681268691,0.010769430166132549,-0.23472292888235002,1.5744192985320586,0.48250530008226633,40.9657264999114,4.652298927307129,24.92524986155331,5396.421875,0.19140625,5396.25,0.94140625
9,B0018,RandomForest,WOA,0.012827645473319604,0.011994071666149964,-0.4994923880372788,1.7521906002775804,0.049617200158536434,8.322853400371969,0.2890787124633789,3.579100128263235,5396.7578125,0.01953125,5396.76171875,0.01953125
9,B0018,RandomForest,PSO,0.011538951822057887,0.010561635990668733,-0.21334160200708885,1.544638474386879,0.5968138002790511,47.50481309974566,4.854081153869629,27.292349841445684,5396.8515625,0.0859375,5396.76953125,0.0234375
9,B0018,RandomForest,GWO,0.011330614715467556,0.010572252427707634,-0.1699230905726581,1.5448854221552255,0.2752481997013092,29.255386899691075,1.8715219497680664,14.761300291866064,5397.1015625,0.01953125,5397.1015625,0.01953125
9,B0018,RandomForest,RandomSearch,0.011767719789129952,0.010701286838429035,-0.26192924573612886,1.56565214504097,0.3874614997766912,20.544401100371033,1.266404151916504,22.736199898645282,5397.1015625,0.01953125,5397.1015625,0.01953125
9,B0018,XGBoost,Bayesian,0.009910806887453133,0.009309620060008239,0.10490651444018562,1.35938123011463,0.08749460009858012,80.7273965999484,0.4082002639770508,0.2957000397145748,5633.2421875,0.01953125,5666.8203125,269.73828125
9,B0018,XGBoost,GA,0.01137754581637374,0.010746168377095033,-0.17963474155112968,1.5677639332256785,0.11504170019179583,5.959097600076348,0.30908203125,0.2437499351799488,5635.234375,1.70703125,5634.67578125,1.453125
9,B0018,XGBoost,WOA,0.009105606556850694,0.008586847068959047,0.24444143966110654,1.252190982543684,0.052451799623668194,3.761778600048274,0.14558982849121094,0.14234986156225204,5633.78515625,0.01953125,5634.05859375,0.53125
9,B0018,XGBoost,PSO,0.023683480625968176,0.02144691872804718,-4.111418323207423,3.1376424206343985,0.05546780023723841,3.4010028997436166,0.15303897857666016,0.21424982696771622,5634.46875,0.01953125,5634.640625,0.875
9,B0018,XGBoost,GWO,0.03997386538357748,0.03880508172720032,-13.561384159920442,5.66365108273902,0.08538690023124218,3.190848299767822,0.3110342025756836,0.3061499446630478,5634.4765625,0.01953125,5634.7578125,0.30859375
9,B0018,XGBoost,RandomSearch,0.06626092197623118,0.06542762148588256,-39.00970206941125,9.537430302655983,0.047372300177812576,3.9955950002186,0.09020233154296875,0.14230026863515377,5634.890625,0.01953125,5635.09375,0.63671875
9,B0018,LightGBM,Bayesian,0.009374420115473453,0.00848563314276945,0.1991721028346637,1.237859216804497,0.06932900007814169,75.0737497000955,0.4655418395996094,0.44264993630349636,5837.08203125,1.06640625,5865.80859375,230.9375
9,B0018,LightGBM,GA,0.010922322697425059,0.009813698759399548,-0.08712723379786858,1.433993596701448,0.08855209965258837,3.0714402003213763,0.49385738372802734,0.3754999488592148,5836.41015625,0.01953125,5837.3984375,1.33984375
9,B0018,LightGBM,WOA,0.008471255757233948,0.007447283111387171,0.3460478739606858,1.0857703144149053,0.11086580017581582,5.753161899745464,0.6365518569946289,0.4298500716686249,5837.53125,1.00390625,5838.0625,1.671875
9,B0018,LightGBM,PSO,0.014606185597805807,0.012595172395761235,-0.9441241632662356,1.8400781714811243,0.022100700065493584,1.276869600173086,0.08113384246826172,0.5910000763833523,5836.69921875,0.01953125,5837.703125,1.1953125
9,B0018,LightGBM,GWO,0.009049640920662488,0.007897868567201382,0.25370065078173476,1.1535483402419011,0.07363040000200272,2.7853872003033757,0.27167797088623047,0.6581000052392483,5837.890625,1.0078125,5837.890625,1.2109375
9,B0018,LightGBM,RandomSearch,0.012603339236297952,0.011032090868027894,-0.4475101594290998,1.6138225625980032,0.041714700404554605,1.0002954001538455,0.2924528121948242,0.47189975157380104,5836.90234375,0.01953125,5837.90625,1.0390625
10,B0005,RandomForest,GA,0.018623204869292555,0.01688811652524944,-3.9430489023969137,2.575491420571787,0.3604868999682367,32.28181329974905,3.7007455825805664,15.260500134900212,5839.578125,0.00390625,5839.578125,0.03125
10,B0005,RandomForest,GWO,0.019551015757719902,0.017945483038479645,-4.447844675159905,2.735577603701798,0.06627169996500015,9.238207299727947,0.6284646987915039,2.756750211119652,5839.69140625,0.00390625,5839.69140625,0.125
10,B0005,RandomForest,RandomSearch,0.018585107343944755,0.016966856947562108,-3.922845579606709,2.5869935237653183,0.28844620008021593,24.297920799814165,2.708451271057129,11.250000214204192,5839.73046875,0.01953125,5839.73046875,0.05859375
10,B0005,RandomForest,Bayesian,0.018734177690509578,0.017009472507299433,-4.002134159848187,2.593838153640734,0.5660703000612557,71.79864860000089,6.169419288635254,25.978849967941642,5979.1015625,0.29296875,6023.07421875,183.36328125
10,B0005,RandomForest,WOA,0.019082697509426087,0.017416044938962164,-4.189978963357856,2.655293191935882,0.060023299884051085,10.280562299769372,0.7563638687133789,3.350999904796481,5980.4296875,0.01953125,5980.4296875,0.578125
10,B0005,RandomForest,PSO,0.01861093635136641,0.01687240944118258,-3.9365383249607815,2.5731145586925743,0.3709391998127103,29.14943359978497,3.814591407775879,16.013999935239553,5980.45703125,0.01953125,5980.45703125,0.046875
10,B0005,XGBoost,GA,0.019620533041450734,0.01806942644454494,-4.486655207807429,2.7545896447144016,0.1622097003273666,7.752278000116348,0.39504528045654297,0.25139981880784035,5984.09765625,1.1640625,5983.19140625,2.75390625
10,B0005,XGBoost,GWO,0.015397724173780075,0.013737963786176314,-2.3790851567047797,2.0961290407267836,0.08822769997641444,8.026466600131243,0.21833133697509766,0.1477501355111599,5985.94140625,2.640625,5984.578125,1.64453125
10,B0005,XGBoost,RandomSearch,0.07783444354577651,0.07738641461927687,-85.34351311697368,11.751318221226605,0.08592349989339709,4.050648999866098,0.3230781555175781,0.23959996178746223,5983.390625,0.01953125,5983.6171875,0.3203125
10,B0005,XGBoost,Bayesian,0.018963468958189268,0.017106628032515378,-4.125327667247579,2.6077761661800034,0.03124460019171238,93.63028899999335,0.05591869354248047,0.18669990822672844,6237.3046875,0.01953125,6281.3359375,297.96484375
10,B0005,XGBoost,WOA,0.015071787472985735,0.013494283950930155,-2.237543320910951,2.058626282153234,0.07758039981126785,4.243699999991804,0.12385940551757812,0.1674999948590994,6243.83203125,6.3359375,6244.03125,6.74609375
10,B0005,XGBoost,PSO,0.016117781927397476,0.014447424118019764,-2.7025132066980064,2.2040215511509818,0.27908340003341436,10.775701200123876,0.6800928115844727,0.22609997540712357,6241.24609375,3.3515625,6244.8359375,7.33984375
10,B0005,LightGBM,GA,0.022190205932013908,0.020515631837613475,-6.017925128496378,3.126854346736579,0.08447150001302361,3.772776300087571,0.5198230743408203,0.6607999093830585,6237.078125,0.00390625,6239.73046875,1.42578125
10,B0005,LightGBM,GWO,0.019398253473640152,0.01787263807395576,-4.363043568006539,2.724513832862139,0.08607720024883747,4.715915100183338,0.5128574371337891,0.481950119137764,6237.98828125,0.01953125,6239.7421875,2.68359375
10,B0005,LightGBM,RandomSearch,0.02571948177906417,0.024113778561947168,-8.42780286401531,3.6727571237336187,0.04456919990479946,1.1873129000887275,0.1627349853515625,0.37049991078674793,6237.98828125,0.01953125,6238.9921875,1.0234375
10,B0005,LightGBM,Bayesian,0.01910020700006457,0.017538484590612087,-4.199507551135404,2.6737269423728307,0.025348400231450796,91.43017720011994,0.1116943359375,0.316050136461854,6472.875,0.00390625,6511.5546875,273.5859375
10,B0005,LightGBM,WOA,0.02101602009633242,0.019248643461359384,-5.294873621335062,2.93464331320965,0.09142970014363527,5.408555999863893,0.6795759201049805,0.3668502904474735,6474.70703125,0.00390625,6476.984375,4.12890625
10,B0005,LightGBM,PSO,0.019316144622952985,0.017667541534736222,-4.317738316046134,2.693221647981412,0.03320670034736395,1.9585707001388073,0.19857025146484375,0.3580499906092882,6475.44140625,0.01953125,6476.4453125,1.71484375
10,B0006,RandomForest,GA,0.04374914022427976,0.03957116910047705,-4.610856952701287,6.816496164577614,0.3292295001447201,28.27609369996935,0.8397684097290039,15.765000134706497,6475.2578125,0.01953125,6475.2578125,0.01953125
10,B0006,RandomForest,GWO,0.03995816007269468,0.03506624092777815,-3.6805955596085482,6.054458304839997,0.11040580039843917,15.308346499688923,0.7435007095336914,4.7941000666469336,6475.2578125,0.01953125,6475.2578125,0.01953125
10,B0006,RandomForest,RandomSearch,0.040912609920017454,0.03610601311293921,-3.906869657739173,6.2305416270962315,0.5596730997785926,24.442912899889052,6.119339942932129,25.070000207051635,6477.375,0.32421875,6477.0546875,1.81640625
10,B0006,RandomForest,Bayesian,0.04057116980315253,0.03586709467550537,-3.825309911839894,6.189627770875637,0.26946760015562177,85.05188379995525,2.583115577697754,10.683249915018678,6668.5546875,0.01953125,6711.796875,233.484375
10,B0006,RandomForest,WOA,0.041220895040660295,0.03626257379715906,-3.9810968566328935,6.258166479192543,0.38296790001913905,30.605964200105518,4.099595069885254,16.947600059211254,6668.71875,0.00390625,6668.71875,0.18359375
10,B0006,RandomForest,PSO,0.04003121531850005,0.03536317543064556,-3.6977262104557536,6.10304725960837,0.3011765000410378,28.114576700143516,2.194931983947754,10.355550097301602,6668.703125,0.01953125,6668.71875,0.01953125
10,B0006,XGBoost,GA,0.09697198882731711,0.0951763559773404,-26.566571602047024,16.26056538582811,0.03582089999690652,3.5656602000817657,0.09261798858642578,0.14264998026192188,6668.96875,0.01953125,6669.16796875,0.484375
10,B0006,XGBoost,GWO,0.036246548157032425,0.030685980366842128,-2.851442864911061,5.310424735965676,0.08884850004687905,5.327418900094926,0.2205066680908203,0.27769990265369415,6671.0078125,2.05859375,6671.40234375,2.453125
10,B0006,XGBoost,RandomSearch,0.06570030772417798,0.06299914841570077,-11.65391634420551,10.796723870637019,0.050515399780124426,4.304241599980742,0.09340953826904297,0.27180020697414875,6668.9921875,0.01953125,6669.25,0.30078125
10,B0006,XGBoost,Bayesian,0.03692135657779735,0.0328180843601846,-2.996183763190922,5.656708252882367,0.08656670013442636,70.9618035000749,0.35971927642822266,0.24980027228593826,6844.37109375,2.85546875,6885.46484375,216.4921875
10,B0006,XGBoost,WOA,0.03429564077637918,0.028913812775893874,-2.4480058561792943,5.007214513846351,0.12715489976108074,8.751340500079095,0.35494232177734375,0.29250001534819603,6844.20703125,2.2578125,6846.98046875,5.46484375
10,B0006,XGBoost,PSO,0.03663566121831555,0.03178846684887549,-2.9345785519234937,5.490113379325432,0.05124230030924082,3.3032960002310574,0.060272216796875,0.27139997109770775,6844.60546875,2.35546875,6844.9765625,3.02734375
10,B0006,LightGBM,GA,0.05376996023193956,0.05062646957800512,-7.475583018333825,8.692967738081563,0.021599099971354008,1.24217260023579,0.06335639953613281,0.3424999304115772,6842.2890625,0.01953125,6843.29296875,1.04296875
10,B0006,LightGBM,GWO,0.04862467717820078,0.045327942909931314,-5.931123123743308,7.788931662735894,0.07071579992771149,4.355817899573594,0.34859752655029297,0.37180003710091114,6842.4296875,0.01953125,6843.5234375,1.25390625
10,B0006,LightGBM,RandomSearch,0.0482310226930019,0.0447202611070113,-5.819351762722338,7.687856733371936,0.04681740002706647,1.2026591999456286,0.21006298065185547,0.5100499838590622,6842.4296875,0.01953125,6843.43359375,1.0234375
10,B0006,LightGBM,Bayesian,0.04417605099229317,0.03832684324349408,-4.720894419106369,6.621921742436785,0.0425996002741158,89.57901880005375,0.2319507598876953,0.6071999669075012,7074.2421875,0.00390625,7115.40625,272.99609375
10,B0006,LightGBM,WOA,0.05853421433323679,0.056379847566845484,-9.044070179875343,9.656887057248682,0.009347499813884497,1.202904500067234,0.042761802673339844,0.3440000582486391,7074.31640625,0.01953125,7075.3203125,1.09765625
10,B0006,LightGBM,PSO,0.042640660080984674,0.03713780045697705,-4.330132308857182,6.411615812443033,0.04132650000974536,1.1660291003063321,0.1957693099975586,0.34239981323480606,7074.65234375,0.00390625,7075.65625,1.359375
10,B0018,RandomForest,GA,0.01242390773569432,0.011312773558952683,-0.4065876613553694,1.6550926721367047,0.2509822999127209,24.571197099983692,0.9577341079711914,13.959999894723296,7073.89453125,0.00390625,7073.89453125,0.01953125
10,B0018,RandomForest,GWO,0.012169714441024371,0.01128792074135182,-0.34961887658042823,1.6499535409095996,0.23149280017241836,23.135978400241584,1.8497323989868164,9.425800060853362,7072.48046875,0.07421875,7073.91796875,0.03515625
10,B0018,RandomForest,RandomSearch,0.012037761644333815,0.01109865010224998,-0.32051046686022944,1.6228963044309312,0.4490368999540806,23.919770199805498,2.1627511978149414,25.32595000229776,7072.51171875,0.04296875,7072.48046875,0.01953125
10,B0018,RandomForest,Bayesian,0.011880753162754961,0.01088153332408216,-0.2862882852925648,1.5912173292901275,0.22784780012443662,74.34574129991233,1.0390329360961914,12.031450169160962,7219.0703125,0.01953125,7258.19921875,185.66796875
10,B0018,RandomForest,WOA,0.012916673281706963,0.011848503993993481,-0.5203784929354001,1.732760399137127,0.06182159995660186,11.757388099562377,0.2283792495727539,4.118200158700347,7219.0703125,0.01953125,7219.0703125,0.01953125
10,B0018,RandomForest,PSO,0.01231739484337121,0.011281824896262171,-0.38257307518942385,1.6497837430278526,0.21694379998371005,18.9405101002194,2.138718605041504,11.006599990651011,7219.0703125,0.01953125,7219.0703125,0.01953125
10,B0018,XGBoost,GA,0.009303178035296938,0.008623376883547973,0.21129783545481529,1.2596186021557487,0.07741889962926507,5.286051199771464,0.3070211410522461,0.27779978699982166,7221.4140625,2.30859375,7220.69921875,1.6484375
10,B0018,XGBoost,GWO,0.008835441260141883,0.008281474592381289,0.2886114737432264,1.2084086108013317,0.10920220008119941,4.284691399894655,0.19960498809814453,0.2794500906020403,7222.5,1.78515625,7221.75,1.734375
10,B0018,XGBoost,RandomSearch,0.05862045444862711,0.05767687189786987,-30.314734239259252,8.410328295491789,0.08460430009290576,3.7674096999689937,0.3400602340698242,0.2847001887857914,7220.796875,0.01953125,7221.07421875,0.359375
10,B0018,XGBoost,Bayesian,0.009947372835946107,0.009071444751911928,0.09828943042946703,1.3243835817763112,0.06950279977172613,133.35080759972334,0.18532657623291016,0.28024986386299133,7533.42578125,2.4921875,7566.26953125,345.48828125
10,B0018,XGBoost,WOA,0.011898178931671293,0.011133056165867617,-0.2900643085941865,1.6267708664251768,0.0778952999971807,7.3725523999892175,0.20270347595214844,0.15469989739358425,7533.5390625,1.70703125,7535.9375,5.0
10,B0018,XGBoost,PSO,0.009784351811710081,0.00933589378742523,0.12760234701684814,1.3625892657085479,0.06784310005605221,5.437812400050461,0.23711013793945312,0.2904499415308237,7532.46875,0.01953125,7535.671875,3.83984375
10,B0018,LightGBM,GA,0.02059354062253266,0.01851519862515255,-2.8646699470678456,2.711776125916912,0.045988500118255615,1.675379800144583,0.144317626953125,0.33980002626776695,7532.4921875,0.0234375,7533.4921875,1.04296875
10,B0018,LightGBM,GWO,0.00800155908727644,0.007094014608379051,0.41655543085712576,1.036150612892111,0.05173510033637285,4.482609000056982,0.4235258102416992,0.6565498188138008,7532.515625,0.01953125,7534.07421875,1.60546875
10,B0018,LightGBM,RandomSearch,0.02125533464499184,0.01947199986758267,-3.1170511458923498,2.8494367102109806,0.03040489973500371,1.077338199596852,0.17885875701904297,0.3604001831263304,7532.6328125,0.00390625,7533.63671875,1.140625
10,B0018,LightGBM,Bayesian,0.009349599309455553,0.008134777851326862,0.20340721904632753,1.1860880092046324,0.09336329996585846,66.6824159999378,0.6971359252929688,0.4857000894844532,7679.921875,0.01953125,7718.48046875,185.8671875
10,B0018,LightGBM,WOA,0.010523761132161118,0.008991145327509924,-0.0092350673060555,1.3154318491515489,0.06733749993145466,3.3157302998006344,0.3954944610595703,0.5784998647868633,7681.46875,1.0234375,7681.46875,1.53515625
10,B0018,LightGBM,PSO,0.01006304847659026,0.009053420331381784,0.07719593687868098,1.3199163864903034,0.0440456997603178,1.7914086999371648,0.24149513244628906,0.44100009836256504,7680.46484375,0.01953125,7681.46875,1.0234375
11,B0005,RandomForest,WOA,0.018987358881009983,0.017206050088840154,-4.138249439010189,2.6237439287677944,0.11244519986212254,20.820905899628997,1.170090675354004,4.908300004899502,7682.56640625,0.00390625,7682.58984375,0.01953125
11,B0005,RandomForest,Bayesian,0.018991351484630804,0.01724622231332815,-4.140410576887069,2.6297755020813383,0.22722240025177598,80.13784379977733,2.952164649963379,12.18230021186173,7831.9140625,0.04296875,7871.09765625,188.55078125
11,B0005,RandomForest,GWO,0.018349927319747248,0.016608195803521433,-3.799044336087574,2.532612978561979,0.053576099686324596,14.114839999936521,0.6503915786743164,2.97404988668859,7834.30859375,0.01953125,7834.30859375,2.4140625
11,B0005,RandomForest,RandomSearch,0.01901706410044353,0.017349826545962975,-4.1543393252394925,2.645170743215513,0.2823147000744939,24.203730900306255,1.857926368713379,12.123249936848879,7834.3125,0.01953125,7834.3125,0.0234375
11,B0005,RandomForest,PSO,0.019098668840715666,0.017374052126436154,-4.198670141455069,2.649090806029471,0.4284312999807298,39.243936399929225,5.590531349182129,23.014799924567342,7834.390625,0.01953125,7834.390625,0.09765625
11,B0005,RandomForest,GA,0.02056685568082877,0.01887090888063978,-5.028674922295227,2.876829737255705,0.12058759992942214,18.54249450005591,0.4593667984008789,6.479800213128328,7834.921875,0.01953125,7834.921875,0.1484375
11,B0005,XGBoost,WOA,0.01505524351250858,0.013475960107634398,-2.230439665547221,2.055828869451538,0.06843720003962517,4.243644800037146,0.09222030639648438,0.26570004411041737,7837.09765625,1.62109375,7841.9296875,7.02734375
11,B0005,XGBoost,Bayesian,0.017514217206182573,0.01574434213665443,-3.371872905462796,2.401840549753762,0.04375950014218688,131.5065275998786,0.05169391632080078,0.22995006293058395,8136.33203125,0.01953125,8175.1015625,339.56640625
11,B0005,XGBoost,GWO,0.015382877222004704,0.013751523842862715,-2.372571865972835,2.0979842755317777,0.07078599976375699,7.231149599887431,0.1544189453125,0.2746500540524721,8139.16796875,2.7578125,8138.19140625,1.87890625
11,B0005,XGBoost,RandomSearch,0.07257302947506578,0.07208800644109412,-74.0648412450522,10.947932864654355,0.05641159974038601,4.146387099754065,0.12490177154541016,0.25854981504380703,8136.453125,0.01953125,8136.74609375,0.3359375
11,B0005,XGBoost,PSO,0.01542805851579521,0.013783850192708015,-2.3924122290982113,2.102905946175401,0.06789219984784722,5.145962700247765,0.06742382049560547,0.27825008146464825,8139.31640625,2.65625,8142.94921875,6.515625
11,B0005,XGBoost,GA,0.015452700199861757,0.013785425130821889,-2.403257600085771,2.103522391886572,0.1158104999922216,7.311226999852806,0.21417236328125,0.16295001842081547,8139.35546875,2.54296875,8138.73828125,2.078125
11,B0005,LightGBM,WOA,0.0334006767682346,0.032287811482398794,-14.899980751210325,4.912639457879627,0.012091400101780891,0.9613267998211086,0.030069351196289062,0.31575001776218414,8136.85546875,0.00390625,8137.859375,1.0625
11,B0005,LightGBM,Bayesian,0.019711618675941733,0.018107216951808506,-4.537715542702959,2.7598468349908964,0.06565749971196055,81.31249159993604,0.2817268371582031,0.42010005563497543,7890.078125,1.01953125,8331.53515625,194.6953125
11,B0005,LightGBM,GWO,0.01945162021377737,0.017877854758436278,-4.392592810464299,2.7252315844148423,0.02850039955228567,1.8733739997260273,0.08655071258544922,0.47109997831285,7889.50390625,0.01953125,7890.265625,1.2109375
11,B0005,LightGBM,RandomSearch,0.03151228958415972,0.030376932193910168,-13.152917754414464,4.622572656920665,0.018080899957567453,1.2439116998575628,0.07684612274169922,0.3662998788058758,7889.62109375,0.00390625,7890.625,1.140625
11,B0005,LightGBM,PSO,0.0244333648420617,0.021918471747701798,-7.50849259580615,3.3402467866407584,0.07709670020267367,2.9536146000027657,0.43996238708496094,0.741749769076705,7889.62109375,0.01953125,7890.625,1.0234375
11,B0005,LightGBM,GA,0.026696323835774194,0.025236851929683612,-9.15755047150611,3.843677804806496,0.014142700005322695,1.4938937998376787,0.03876018524169922,0.6352998316287994,7889.62109375,0.01953125,7890.625,1.0234375
11,B0006,RandomForest,WOA,0.04425203528658052,0.03934259245790918,-4.740591606295228,6.781556979897842,0.05351940030232072,7.306048300117254,0.4006357192993164,2.7282501105219126,7889.64453125,0.01953125,7889.64453125,0.01953125
11,B0006,RandomForest,Bayesian,0.04117202711194258,0.03639046799410113,-3.969293541859014,6.278752462737749,0.41166230011731386,101.08370279986411,4.504899024963379,19.51304986141622,7893.96484375,1.078125,8057.90234375,168.27734375
11,B0006,RandomForest,GWO,0.042336163031059165,0.03827339964281447,-4.2542791394546295,6.591928414933744,0.14017589995637536,14.821588200051337,1.2825632095336914,5.419099936261773,7896.00390625,0.0078125,7896.0,1.96484375
11,B0006,RandomForest,RandomSearch,0.04332320114629745,0.038750748555373124,-4.502134845568799,6.679235722878032,0.1564278001897037,24.631448599975556,0.9466562271118164,8.858849992975593,7896.01171875,0.0234375,7896.0078125,0.0234375
11,B0006,RandomForest,PSO,0.041843928583786265,0.037409262519587885,-4.132808435416843,6.4486364493057895,0.37126380018889904,31.389714600052685,2.6673898696899414,17.52665010280907,7896.32421875,0.01953125,7896.32421875,0.33203125
11,B0006,RandomForest,GA,0.04072854284083393,0.03621459086288917,-3.8628166667027504,6.246102267907705,0.39471969986334443,31.366737300064415,2.845047950744629,18.605499994009733,7896.45703125,0.01953125,7896.45703125,0.15234375
11,B0006,XGBoost,WOA,0.04060124839403914,0.037442118709919564,-3.8324673255763066,6.438886364988507,0.0463103000074625,3.2955195996910334,0.06512069702148438,0.143399927765131,7897.3046875,0.01953125,7898.57421875,2.13671875
11,B0006,XGBoost,Bayesian,0.036781759894515084,0.031869066083529844,-2.966022390470185,5.507370911048669,0.08787359995767474,109.10060029989108,0.2591381072998047,0.18304982222616673,7765.328125,2.21484375,7981.0234375,83.734375
11,B0006,XGBoost,GWO,0.04183725675474064,0.036971154901713155,-4.131171758773916,6.380558933676483,0.09072350012138486,6.070431200321764,0.2759084701538086,0.2810501027852297,7766.03125,1.4609375,7766.359375,4.0859375
11,B0006,XGBoost,RandomSearch,0.1000058033897029,0.09836352408033838,-28.318419710917205,16.799092267760404,0.07251879991963506,4.034236999694258,0.3010129928588867,0.28799986466765404,7764.59375,0.01953125,7764.88671875,0.3125
11,B0006,XGBoost,PSO,0.04125381716816867,0.03737648941104919,-3.9890565961010394,6.438150049184406,0.20648719975724816,11.679096899926662,0.560450553894043,0.16850000247359276,7765.2890625,0.01953125,7765.51953125,0.94140625
11,B0006,XGBoost,GA,0.09403395969708553,0.0920404226514995,-24.921468422250534,15.730478766071624,0.07916479976847768,5.146121299825609,0.2927103042602539,0.2878997474908829,7765.296875,0.01953125,7765.578125,0.3046875
11,B0006,LightGBM,WOA,0.04422843278707345,0.03820481005823365,-4.734469574789419,6.601754548374084,0.1551272999495268,7.059184999670833,0.9341230392456055,0.5545001477003098,7768.1640625,1.9609375,7768.078125,2.80078125
11,B0006,LightGBM,Bayesian,0.04978623789693416,0.04630758265348858,-6.266223826407772,7.957190999306457,0.0927875000052154,90.93473670026287,0.6172914505004883,0.629449961706996,7936.90625,0.01953125,7971.59375,207.140625
11,B0006,LightGBM,GWO,0.04859956160373206,0.04518900370961661,-5.923964857962813,7.7669569744371,0.0562053001485765,2.171664800029248,0.29814910888671875,0.36765006370842457,7937.72265625,0.01953125,7938.625,1.12109375
11,B0006,LightGBM,RandomSearch,0.053658082588764144,0.051030468864615604,-7.440349896619706,8.752120721741194,0.02374590002000332,1.2272935998626053,0.06313610076904297,0.33820001408457756,7937.78125,0.01953125,7938.78515625,1.08203125
11,B0006,LightGBM,PSO,0.04142533297580858,0.03637900447471683,-4.030627580448574,6.282804596076508,0.04362500039860606,2.921865100041032,0.3548431396484375,0.3635499160736799,7937.78515625,0.01953125,7938.7890625,1.02734375
11,B0006,LightGBM,GA,0.05039622589561956,0.04664309517173578,-6.445368190687073,8.019124875631439,0.0400195000693202,1.9606583998538554,0.2328014373779297,0.3446501214057207,7937.16796875,0.01953125,7938.171875,1.40625
11,B0018,RandomForest,WOA,0.012637193083615857,0.01177374102877723,-0.45529692158481216,1.7201453077526563,0.110992600210011,13.07749960012734,1.3740243911743164,7.192099932581186,7938.36328125,0.00390625,7938.36328125,0.01953125
11,B0018,RandomForest,Bayesian,0.011219754846330985,0.010208127311012238,-0.14714179631885438,1.4929408758405676,0.20712479995563626,85.91084220027551,1.667038917541504,8.773399982601404,8093.97265625,0.01953125,8124.65234375,186.30859375
11,B0018,RandomForest,GWO,0.011448241311020877,0.010534189784752073,-0.19433983770715746,1.5401578438608658,0.09249790012836456,15.373346900101751,0.5533914566040039,4.5686999801546335,8094.0,0.00390625,8094.0,0.046875
11,B0018,RandomForest,RandomSearch,0.01170767713561691,0.010642337809145275,-0.24908456867876705,1.5569736626674884,0.20722670014947653,22.265699999872595,0.5865335464477539,10.437399847432971,8094.0,0.00390625,8094.0,0.01953125
11,B0018,RandomForest,PSO,0.011666660964748504,0.010841215862937481,-0.24034792137464556,1.5849377243831848,0.1612686002627015,21.048768900334835,1.4187936782836914,7.425950141623616,8094.0,0.00390625,8094.0,0.01953125
11,B0018,RandomForest,GA,0.01142227478501403,0.010371617741714,-0.18892805707769966,1.517476819423728,0.26694489968940616,23.479288700036705,0.9769601821899414,14.423299813643098,8094.00390625,0.01953125,8094.00390625,0.0234375
11,B0018,XGBoost,WOA,0.011138844257139548,0.010256709935360719,-0.1306563647425727,1.4955030425888727,0.055073400028049946,5.433915500063449,0.23128414154052734,0.289649935439229,8095.08203125,0.01953125,8097.859375,3.875
11,B0018,XGBoost,Bayesian,0.012272778237618482,0.009946747335801698,-0.3725751822498915,1.4556780197659147,0.08732299972325563,109.50632499996573,0.3582420349121094,0.16080006025731564,8327.375,0.01953125,8365.9609375,270.89453125
11,B0018,XGBoost,GWO,0.014933155029416289,0.013046034457379152,-1.0321394924483398,1.9101193927149134,0.08038349961861968,5.225421099923551,0.2164468765258789,0.27549988590180874,8329.796875,1.078125,8329.0078125,1.59765625
11,B0018,XGBoost,RandomSearch,0.041721240143294355,0.040488236429386905,-14.862249865678207,5.909865443551237,0.054016999900341034,4.021749899722636,0.14362049102783203,0.2297000028192997,8328.89453125,0.01953125,8329.16015625,0.44140625
11,B0018,XGBoost,PSO,0.009673349096209038,0.008416159662614442,0.14728463106217093,1.2265127141437677,0.10391269996762276,6.018171600066125,0.3620147705078125,0.31385011970996857,8330.19140625,1.16015625,8330.30859375,1.296875
11,B0018,XGBoost,GA,0.03855199981686518,0.03733877468317108,-12.543914106782454,5.450660524170102,0.06247630016878247,5.254204500000924,0.28646087646484375,0.37910020910203457,8284.59375,0.01953125,8329.34765625,0.31640625
11,B0018,LightGBM,WOA,0.010849916418433265,0.009778288816283443,-0.0727614378587822,1.4277171726890268,0.04650920024141669,3.6595510002225637,0.28429317474365234,0.37485011853277683,8142.80078125,0.01953125,8284.6171875,0.04296875
11,B0018,LightGBM,Bayesian,0.0072507637000478785,0.0063587686246196875,0.5209091548185922,0.9263952582780207,0.02391650015488267,155.8036255002953,0.09623146057128906,0.33674994483590126,7836.53515625,0.01953125,8170.76171875,27.98046875
11,B0018,LightGBM,GWO,0.010692305063398471,0.009646849626284832,-0.04182086445753064,1.4088744973976992,0.04223289992660284,3.0517853000201285,0.29386329650878906,0.36789989098906517,7837.88671875,0.01953125,7838.89453125,2.33203125
11,B0018,LightGBM,RandomSearch,0.019647627165252486,0.018107362514741925,-2.517795468295091,2.6483271735619325,0.015667099971324205,1.0987415998242795,0.10125923156738281,0.3643499221652746,7837.9296875,0.01953125,7838.93359375,1.06640625
11,B0018,LightGBM,PSO,0.010890253532772422,0.009698517920746686,-0.08075275064094001,1.4152743648275883,0.028706599958240986,1.3754139002412558,0.1566143035888672,0.3472999669611454,7837.9296875,0.00390625,7838.93359375,1.0234375
11,B0018,LightGBM,GA,0.03698604787284592,0.03558203679612,-11.465974188952497,5.196474678533535,0.014240100048482418,0.8339700996875763,0.0399322509765625,0.3342998679727316,7837.9296875,0.01953125,7838.93359375,1.0234375
12,B0005,RandomForest,RandomSearch,0.019208189316966336,0.01754329111831289,-4.258464184887047,2.6747647781076616,0.3162205000407994,34.83164600003511,1.519730567932129,13.000250095501542,365.87109375,0.0390625,365.85546875,78.08203125
12,B0005,RandomForest,GWO,0.018877435414049775,0.01711856251796407,-4.078927944397867,2.610788766797243,0.12080999976024032,20.92787849996239,0.6204080581665039,6.833449937403202,365.8515625,0.00390625,365.921875,0.06640625
12,B0005,RandomForest,Bayesian,0.019258544411131368,0.017438267084243335,-4.286070903522005,2.6595261070101888,0.1393813001923263,77.52716250019148,0.7009744644165039,4.209149861708283,513.15625,0.00390625,556.33203125,190.49609375
12,B0005,RandomForest,WOA,0.020493333634353197,0.018705035707394988,-4.985649553677801,2.851429960875076,0.3141129999421537,33.00810590013862,3.5129709243774414,20.03235020674765,516.7578125,0.01953125,516.76171875,3.609375
12,B0005,RandomForest,PSO,0.018796237566082372,0.017110867153751,-4.035329745534351,2.60910871687011,0.7118722000159323,55.81700910022482,5.270508766174316,30.263149878010154,519.734375,0.0078125,519.73046875,2.9921875
12,B0005,RandomForest,GA,0.019218616637469786,0.017557573024812104,-4.264174933924308,2.6769892861881037,0.5979718002490699,42.430180599913,2.4940805435180664,35.60624993406236,511.35546875,0.0546875,519.73828125,0.01953125
12,B0005,XGBoost,RandomSearch,0.08881247375638945,0.08841657966802283,-111.41751972317171,13.424098814160896,0.05120230000466108,5.16289750020951,0.0796651840209961,0.26554963551461697,511.72265625,0.01953125,511.984375,0.6484375
12,B0005,XGBoost,GWO,0.01678909900003314,0.015120018977069634,-3.0173608719462157,2.306265146901644,0.2521229996345937,6.2688605999574065,0.2876443862915039,0.3413998056203127,514.32421875,2.55859375,513.59765625,1.890625
12,B0005,XGBoost,Bayesian,0.02091660649514629,0.019595965586860144,-5.235460285350864,2.985451113637203,0.11480290023609996,92.28130959998816,0.1033792495727539,0.28309994377195835,754.390625,3.0078125,779.73828125,267.96875
12,B0005,XGBoost,WOA,0.01836543391285541,0.01625833702055836,-3.807158621171581,2.480788179827292,0.1413986999541521,10.102784399874508,0.32924556732177734,0.2970497589558363,754.3125,2.80078125,755.07421875,3.5390625
12,B0005,XGBoost,PSO,0.014983231136363089,0.013393973918745848,-2.199609838948857,2.0433960255869152,0.1263212002813816,13.475709799677134,0.18502521514892578,0.27580023743212223,760.83984375,9.3046875,762.90234375,11.39453125
12,B0005,XGBoost,GA,0.06775151541365955,0.06723171800801916,-64.4220415531476,10.211495216867018,0.06401959992945194,6.553828699979931,0.31690120697021484,0.2949000336229801,751.53125,0.0234375,751.78125,0.2578125
12,B0005,LightGBM,RandomSearch,0.02755992079176373,0.025963200591367776,-9.825351215757347,3.954797403665774,0.039995200000703335,1.6621128004044294,0.20577526092529297,0.4570500459522009,751.7109375,0.01953125,752.70703125,1.2109375
12,B0005,LightGBM,GWO,0.0202006367927335,0.018435021647090783,-4.815890022723897,2.810919405063011,0.12330310000106692,4.429357199929655,0.769465446472168,0.6755499634891748,752.74609375,1.0234375,752.74609375,1.05078125
12,B0005,LightGBM,Bayesian,0.01891256481166072,0.017076150057270485,-4.097848490293657,2.604856539259735,0.07325739972293377,80.17311619967222,0.35961437225341797,0.6190999411046505,981.35546875,1.0234375,1016.8203125,265.09765625
12,B0005,LightGBM,WOA,0.031174247388909643,0.02970224146367384,-12.850900846288207,4.522067833175276,0.010406999848783016,1.1359536000527442,0.030477523803710938,0.617949990555644,980.4453125,0.01953125,981.44921875,1.046875
12,B0005,LightGBM,PSO,0.018868168054045276,0.017073134133732216,-4.0739424472442165,2.6040937523322043,0.0742887002415955,3.8675814997404814,0.37372589111328125,0.6845998577773571,980.67578125,0.01953125,981.6796875,1.25390625
12,B0005,LightGBM,GA,0.032451765066488836,0.031360720332960265,-14.009378577068178,4.77170718859338,0.03280669962987304,2.3728688997216523,0.09376811981201172,0.44054980389773846,980.67578125,0.01953125,981.6796875,1.0234375
12,B0006,RandomForest,RandomSearch,0.04112759061965507,0.03640399383360004,-3.9585727284093677,6.280040634522489,0.1860476997680962,32.846049999818206,0.7010660171508789,10.36570011638105,980.67578125,0.01953125,980.67578125,0.0234375
12,B0006,RandomForest,GWO,0.04218904163081066,0.0375395133847387,-4.217824548265839,6.47332316389497,0.23285860009491444,39.89643890038133,1.0404977798461914,14.47755005210638,982.30859375,0.01953125,982.30859375,1.65234375
12,B0006,RandomForest,Bayesian,0.040187160236977555,0.03508367086565281,-3.734398265044458,6.0577057244632915,0.2722324999049306,72.52868160000071,2.420701026916504,12.663850095123053,1095.2109375,0.08203125,1126.09765625,143.80859375
12,B0006,RandomForest,WOA,0.04807359302281085,0.04361193841841308,-5.774906667619144,7.51002571303779,0.0733801000751555,10.507189199794084,0.2407846450805664,3.8560996763408184,1095.19921875,0.00390625,1095.20703125,0.01953125
12,B0006,RandomForest,PSO,0.03998762492489821,0.03500583054501885,-3.68750097788467,6.04349190697773,0.13068649964407086,21.525262100156397,1.0270395278930664,6.858350010588765,1095.203125,0.00390625,1095.203125,0.0234375
12,B0006,RandomForest,GA,0.04274776669817886,0.03799497825383003,-4.3569428430106285,6.552406194938045,0.577229400165379,48.43490169988945,1.706498146057129,32.96319977380335,1095.203125,0.01953125,1095.203125,0.01953125
12,B0006,XGBoost,RandomSearch,0.07172619352832031,0.06927581094880061,-14.08154099428683,11.862160015250536,0.10159219987690449,5.164774199947715,0.29549312591552734,0.2921000123023987,1096.6796875,0.01953125,1096.921875,1.45703125
12,B0006,XGBoost,GWO,0.039386582800016647,0.03606615007025235,-3.547647115081239,6.202472199699723,0.0685493997298181,5.484969499986619,0.11619949340820312,0.29315007850527763,1099.00390625,1.9609375,1098.90625,2.24609375
12,B0006,XGBoost,Bayesian,0.04135657953403018,0.03693125876198138,-4.013942817105706,6.368506614239014,0.033590300008654594,102.37639359990135,0.054680824279785156,0.25200005620718,1402.0078125,0.01953125,1438.58984375,341.546875
12,B0006,XGBoost,WOA,0.0412967117642643,0.037179938509929664,-3.9994369603838003,6.405346707679952,0.04323589988052845,5.294480599928647,0.06457901000976562,0.1827001105993986,1402.15234375,0.0234375,1402.421875,0.40625
12,B0006,XGBoost,PSO,0.03621313757435616,0.031377683099515184,-2.8443459328549494,5.422663467356608,0.24862740002572536,9.445235600229353,0.4259157180786133,0.26750005781650543,1404.39453125,2.04296875,1403.7890625,1.66015625
12,B0006,XGBoost,GA,0.1165679413878726,0.11509545110840752,-38.83349427078195,19.64250773539618,0.0755480001680553,5.556132799945772,0.21564579010009766,0.2653500996530056,1402.37890625,0.01953125,1402.6484375,0.3125
12,B0006,LightGBM,RandomSearch,0.051627013910971756,0.04858157966350989,-6.813473872530743,8.341903351180267,0.04917600005865097,1.6105884998105466,0.2549476623535156,0.4587499424815178,1402.4140625,0.01953125,1403.41796875,1.05859375
12,B0006,LightGBM,GWO,0.04678902477093084,0.04274540139715759,-5.417681177364848,7.358266587449133,0.025801300071179867,2.519742799922824,0.04734230041503906,0.624750042334199,1402.546875,0.01953125,1403.55078125,1.15625
12,B0006,LightGBM,Bayesian,0.04577216048602961,0.041420049540443024,-5.141761894406589,7.136709063624959,0.03336910018697381,149.1477717999369,0.37874794006347656,0.2559500280767679,1640.8984375,0.01953125,1667.44140625,264.9140625
12,B0006,LightGBM,WOA,0.04985041312043364,0.046257234071689364,-6.28496844737639,7.949892305369895,0.014715999830514193,1.0174955003894866,0.14826297760009766,0.24765008129179478,1641.17578125,0.01953125,1642.1796875,1.30078125
12,B0006,LightGBM,PSO,0.04544291947157989,0.04161735443167303,-5.053723781292728,7.162749972179904,0.04591350024566054,2.571918400004506,0.46111011505126953,0.2727997489273548,1641.3046875,0.01953125,1642.30859375,1.15234375
12,B0006,LightGBM,GA,0.054143610779738574,0.050372641117835286,-7.593786927388239,8.656570402516046,0.01431080000475049,0.9952829000540078,0.11671829223632812,0.24880003184080124,1641.3046875,0.01953125,1642.3125,1.02734375
12,B0018,RandomForest,RandomSearch,0.011363663440878066,0.010473144439691367,-0.17675782205024837,1.531210271239266,0.1134050004184246,14.581784499809146,0.6887521743774414,7.087800186127424,1641.3203125,0.00390625,1641.3203125,0.03125
12,B0018,RandomForest,GWO,0.011705112387735164,0.01075698667834415,-0.2485373660070711,1.5730841748190776,0.18538529984652996,22.50244399998337,1.8901987075805664,10.40584989823401,1641.32421875,0.01953125,1641.32421875,0.0234375
12,B0018,RandomForest,Bayesian,0.012276215174010695,0.011441661474324299,-0.37334405691778083,1.6721285036202418,0.35852350015193224,41.67904100008309,4.073227882385254,21.77734998986125,1744.16796875,0.09765625,1787.10546875,145.7890625
12,B0018,RandomForest,WOA,0.012972456761851233,0.012123809573218253,-0.5335390244773854,1.7710005726657554,0.08019819995388389,12.646133200265467,0.4943857192993164,5.752650089561939,1744.29296875,0.01953125,1744.29296875,0.15625
12,B0018,RandomForest,PSO,0.01208516120671678,0.011314584664583743,-0.33093015278355753,1.6531958515524408,0.12353269988670945,18.933397999964654,1.205338478088379,6.392800016328692,1744.29296875,0.01953125,1744.29296875,0.01953125
12,B0018,RandomForest,GA,0.01185663006773892,0.010411335996002153,-0.28107013915991796,1.5251985080846873,0.39101479994133115,26.676203100010753,0.5874948501586914,20.9287500474602,1744.29296875,0.01953125,1744.29296875,0.01953125
12,B0018,XGBoost,RandomSearch,0.055793716506163445,0.054801484229260254,-27.367492664778137,7.992193871735233,0.07117349980399013,4.264016699977219,0.2324657440185547,0.40449993684887886,1745.03125,0.01953125,1745.30078125,1.02734375
12,B0018,XGBoost,GWO,0.017595503136434338,0.016121345045262147,-1.8213290984251747,2.358605695295352,0.06614489993080497,5.106881000101566,0.22545146942138672,0.275149941444397,1746.140625,0.01953125,1746.390625,1.37890625
12,B0018,XGBoost,Bayesian,0.009382650335619844,0.008739190580540467,0.19776532074610198,1.2735904423671027,0.07618119986727834,63.83560949983075,0.20901966094970703,0.15440001152455807,2022.1796875,1.47265625,2058.90234375,312.78125
12,B0018,XGBoost,WOA,0.010938011901147933,0.009882401141534426,-0.09025265155879425,1.441172407902001,0.04189499979838729,3.082626699935645,0.06318092346191406,0.14484976418316364,2019.65234375,0.07421875,2022.734375,2.02734375
12,B0018,XGBoost,PSO,0.10705677106939636,0.10654302466123658,-103.44283443723613,15.516368587022415,0.03699930012226105,2.759409900289029,0.0911407470703125,0.21450011990964413,2019.84765625,0.01953125,2020.03515625,0.3984375
12,B0018,XGBoost,GA,0.10800507865445477,0.10749586451261597,-105.30133616646312,15.654929083242896,0.05619300017133355,4.6131436000578105,0.23918533325195312,0.29690004885196686,2019.8828125,0.00390625,2020.16015625,0.328125
12,B0018,LightGBM,RandomSearch,0.012839168796277592,0.01108275950178796,-0.5021876443393947,1.622031371340587,0.03352560009807348,0.9906724998727441,0.16706275939941406,0.5132998339831829,2019.93359375,0.01953125,2020.9375,1.07421875
12,B0018,LightGBM,GWO,0.00900218946803118,0.00799685953630654,0.2615065173769576,1.1669543888830516,0.08316740021109581,4.186690299771726,0.4773130416870117,0.3947000950574875,2019.96484375,0.00390625,2020.96875,1.0546875
12,B0018,LightGBM,Bayesian,0.012882182966143811,0.011528066679639787,-0.5122698535048935,1.6836690077427257,0.012832000385969877,50.3279618001543,0.09922027587890625,0.33574970439076424,2237.0234375,0.01953125,2275.26953125,255.32421875
12,B0018,LightGBM,WOA,0.012213131183505447,0.010309532376694163,-0.35926587023940715,1.5047681253706726,0.023077100049704313,1.6506546000018716,0.12219429016113281,0.33730012364685535,2237.04296875,0.01953125,2238.046875,1.04296875
12,B0018,LightGBM,PSO,0.011378971111616553,0.010118838750996173,-0.17993031198867637,1.474591328585548,0.059123399667441845,3.7238846998661757,0.6023054122924805,0.40719984099268913,2238.20703125,1.0234375,2238.26171875,1.23828125
12,B0018,LightGBM,GA,0.028188970879221793,0.02654721168223533,-6.241171115370647,3.8808962754392677,0.013467100448906422,1.2220267998054624,0.08423614501953125,0.3684498369693756,2237.203125,0.01953125,2238.20703125,1.0234375
13,B0005,RandomForest,GWO,0.019268649606115556,0.017491813418584697,-4.291619691660869,2.6675661507779433,0.09310689987614751,15.903952099848539,0.8361978530883789,3.549849847331643,2236.16796875,0.00390625,2236.1875,0.01953125
13,B0005,RandomForest,PSO,0.018592829835546734,0.016929469639579423,-3.926937515293325,2.581162398940282,0.16385019989684224,19.894516700413078,1.691666603088379,7.117699831724167,2236.6953125,0.01953125,2236.6953125,0.546875
13,B0005,RandomForest,WOA,0.019142648289809484,0.01739896539457422,-4.22264017778652,2.6530910383518345,0.1539706001058221,16.135972400195897,1.444108009338379,7.218199782073498,2236.76171875,0.01953125,2236.76171875,0.0859375
13,B0005,RandomForest,RandomSearch,0.018818985181538996,0.0171681754373945,-4.047524851581607,2.6177640631852097,0.3789938003756106,27.44992530019954,3.6122140884399414,15.244149835780263,2236.85546875,0.02734375,2236.84765625,0.10546875
13,B0005,RandomForest,Bayesian,0.018619703122579465,0.016966228144679813,-3.9411901806546688,2.587113919249798,0.6693603000603616,57.44319520005956,6.256623268127441,25.9955998044461,2360.15625,0.09375,2405.71484375,168.86328125
13,B0005,RandomForest,GA,0.02209564041640417,0.020440408611785785,-5.95823757075386,3.115117627986471,0.21868859976530075,24.48690630029887,0.8749704360961914,13.4851501788944,2360.9609375,0.01953125,2360.9609375,0.359375
13,B0005,XGBoost,GWO,0.015921687113007378,0.014141276322562658,-2.612969001743623,2.1579671042070894,0.06853099958971143,5.421200699638575,0.13243865966796875,0.2905000001192093,2366.09375,2.65625,2366.53125,5.58984375
13,B0005,XGBoost,PSO,0.015294329126132713,0.01359904369909558,-2.333856702310707,2.075236705327588,0.11481569986790419,9.426466700155288,0.337860107421875,0.2250999677926302,2366.19921875,2.7578125,2369.0703125,5.6328125
13,B0005,XGBoost,WOA,0.01499555426102313,0.013407382671333973,-2.2048751125120276,2.0454310718703947,0.0589671996422112,4.232061400078237,0.0730886459350586,0.27050008065998554,2369.58984375,6.13671875,2369.98828125,6.546875
13,B0005,XGBoost,RandomSearch,0.07186769244382685,0.07137787670324011,-72.61282190406486,10.840244394132863,0.03392910026013851,3.8709803000092506,0.04887866973876953,0.1509999856352806,2363.47265625,0.01953125,2363.73828125,0.28515625
13,B0005,XGBoost,Bayesian,0.01564971598879202,0.013965648944245632,-2.4905911725747294,2.1305251291338685,0.17606909992173314,44.307955199852586,0.43717384338378906,0.19589997828006744,2539.74609375,2.45703125,2569.5859375,206.1328125
13,B0005,XGBoost,GA,0.10028109596481724,0.09993064731786414,-142.32574525911548,15.170163326878546,0.06349109997972846,4.408613599836826,0.2545738220214844,0.26510003954172134,2537.40234375,0.01953125,2537.6796875,0.3828125
13,B0005,LightGBM,GWO,0.01982762109156611,0.018196444421650422,-4.603085983445964,2.774198001867851,0.03496599989011884,2.5922685000114143,0.14872264862060547,0.3285000566393137,2537.74609375,0.01953125,2538.75,1.3671875
13,B0005,LightGBM,PSO,0.019840577757115372,0.01809118732163478,-4.61041122238548,2.758631659645857,0.1059131002984941,5.881344699766487,0.9244594573974609,0.5176998674869537,2537.7578125,0.00390625,2538.76171875,1.03515625
13,B0005,LightGBM,WOA,0.022935049498437304,0.02101750843147995,-6.496964059424635,3.2023887516802527,0.02081279968842864,1.1717011001892388,0.07332515716552734,0.3537999000400305,2537.76953125,0.00390625,2538.7734375,1.03515625
13,B0005,LightGBM,RandomSearch,0.019865562896518762,0.018376319291261926,-4.624550444564799,2.8007558806016353,0.038805500138551,1.3173626000061631,0.18004989624023438,0.4018000327050686,2537.76953125,0.00390625,2538.7734375,1.0234375
13,B0005,LightGBM,Bayesian,0.019679983792512398,0.01806097460345458,-4.519955011450006,2.753586317318629,0.01513900002464652,69.15289460029453,0.05926513671875,0.35450002178549767,2793.0859375,0.01953125,2812.59765625,274.84765625
13,B0005,LightGBM,GA,0.02437252762287533,0.022703333866202213,-7.466174347876551,3.459746667457511,0.06255260016769171,1.9844889999367297,0.24868106842041016,0.35879993811249733,2794.140625,1.0234375,2794.140625,1.0234375
13,B0006,RandomForest,GWO,0.0415508838519177,0.036036042453101665,-4.061167193436583,6.224605492782775,0.1384458001703024,17.3603461002931,1.0807809829711914,5.365749821066856,2793.76171875,0.00390625,2793.76171875,0.6484375
13,B0006,RandomForest,PSO,0.042871960766244936,0.03810262964074545,-4.388114855792283,6.568907273051856,0.25215959968045354,24.30408009979874,2.2372751235961914,11.304750107228756,2793.7734375,0.00390625,2793.7734375,0.03125
13,B0006,RandomForest,WOA,0.038642205286463636,0.033214972957697236,-3.3773770670306025,5.74165913708471,0.07123850006610155,10.472259499598294,0.6196756362915039,2.780499868094921,2793.7734375,0.01953125,2793.7734375,0.01953125
13,B0006,RandomForest,RandomSearch,0.040941423741108436,0.03601174333388792,-3.9137836850801815,6.215742227226901,0.2183981998823583,23.52023799996823,1.294877052307129,12.21515005454421,2793.7734375,0.01953125,2793.7734375,0.01953125
13,B0006,RandomForest,Bayesian,0.041204615648554294,0.0361745518803204,-3.977163258565267,6.243865666576569,0.08691549999639392,51.73237059963867,0.8732767105102539,3.7248502485454082,2907.59375,0.02734375,2948.66796875,154.9140625
13,B0006,RandomForest,GA,0.04097772678018953,0.03559982552893161,-3.9225017194116427,6.149046682271016,0.05254289973527193,17.74328950000927,0.2804727554321289,2.7001001872122288,2907.6171875,0.01953125,2907.6171875,0.01953125
13,B0006,XGBoost,GWO,0.05641666338124668,0.05322325078442237,-8.330500624772522,9.13665041027029,0.0930188000202179,6.193045100197196,0.2435302734375,0.2592001110315323,2908.44140625,0.01953125,2908.67578125,1.078125
13,B0006,XGBoost,PSO,0.038628211090754386,0.034367908286229945,-3.374207124802477,5.927925007768057,0.15234029991552234,9.958494500257075,0.3903512954711914,0.3622998483479023,2911.171875,2.2421875,2910.69140625,2.26953125
13,B0006,XGBoost,WOA,0.04222721411081968,0.038495369462882116,-4.227270954393091,6.6267279534998975,0.06577009987086058,5.2134301997721195,0.09443187713623047,0.27730013243854046,2910.58984375,1.5625,2916.44921875,7.53515625
13,B0006,XGBoost,RandomSearch,0.09574812831172017,0.09443055744456098,-25.87514015746627,16.118423901558497,0.06245419988408685,4.1125344997271895,0.2556028366088867,0.15255017206072807,2909.1328125,0.01953125,2909.42578125,0.3125
13,B0006,XGBoost,Bayesian,0.03459895966291162,0.02921167094075453,-2.509265545563057,5.057788795702434,0.21602230006828904,56.869056600145996,0.4248390197753906,0.33430010080337524,3105.5234375,2.45703125,3144.5390625,235.42578125
13,B0006,XGBoost,GA,0.04182379764262237,0.037865073269245736,-4.127870877557692,6.5222229100254765,0.09126920020207763,6.553002099972218,0.3133411407470703,0.24114991538226604,3106.62890625,2.35546875,3106.13671875,3.0703125
13,B0006,LightGBM,GWO,0.04168892166280779,0.03622738025017263,-4.094850853185209,6.257976384636031,0.0853813998401165,4.431474199984223,0.4256916046142578,0.3644500393420458,3104.60546875,0.03125,3105.59765625,1.32421875
13,B0006,LightGBM,PSO,0.044327602308309025,0.03961956483761482,-4.760214197517641,6.831055368365929,0.06567300017923117,3.234170699957758,0.5795450210571289,0.36940001882612705,3105.8046875,1.0234375,3105.8046875,1.21875
13,B0006,LightGBM,WOA,0.04752310082490519,0.04300726938640679,-5.62063570393062,7.409569977467578,0.03012910019606352,0.9741998999379575,0.0673837661743164,0.3428997006267309,3104.80078125,0.01953125,3105.8046875,1.0234375
13,B0006,LightGBM,RandomSearch,0.05012618411646853,0.047308857671592285,-6.3657918426381155,8.11979867535392,0.05916809989139438,1.6695091002620757,0.1859579086303711,0.5105999298393726,3105.93359375,1.0234375,3105.93359375,1.15234375
13,B0006,LightGBM,Bayesian,0.04412880460119161,0.03937254288487266,-4.708663942622091,6.791617376392304,0.04376689996570349,72.74882819969207,0.3828010559082031,0.3781500272452831,3343.0703125,0.01953125,3373.1015625,268.01171875
13,B0006,LightGBM,GA,0.0498279590629603,0.04657631908117692,-6.27840720745638,8.002459577632191,0.016190099995583296,1.6147466003894806,0.08080005645751953,0.5754500161856413,3343.1328125,0.01953125,3344.13671875,1.07421875
13,B0018,RandomForest,GWO,0.011868606175097333,0.01100945313216795,-0.28365940471849016,1.609229085441345,0.30939549999311566,34.02907800022513,2.2306833267211914,17.570700030773878,3343.1640625,0.01953125,3343.1640625,0.04296875
13,B0018,RandomForest,PSO,0.011577917192129271,0.010670884046835739,-0.22154999584927548,1.5597583159848738,0.09852520003914833,11.928615699987859,0.7876749038696289,4.288750234991312,3343.31640625,0.01953125,3343.31640625,0.03125
13,B0018,RandomForest,WOA,0.01235795353911491,0.011578333213291409,-0.3916931340716885,1.6911918296892998,0.07787019992247224,10.644632700365037,0.7876749038696289,4.191050073131919,3343.31640625,0.01171875,3343.31640625,0.01953125
13,B0018,RandomForest,RandomSearch,0.0117369258850403,0.010778023784386448,-0.25533342520922697,1.575169814817163,0.06596009992063046,23.59464959986508,0.2251291275024414,3.3270500134676695,3343.31640625,0.01953125,3343.31640625,0.01953125
13,B0018,RandomForest,Bayesian,0.012256679831391988,0.01140441859761917,-0.3689766847606648,1.666160441031085,0.06369460001587868,65.67245600000024,0.6313028335571289,3.32060013897717,3495.59375,0.03515625,3525.41796875,182.12109375
13,B0018,RandomForest,GA,0.011994008415266613,0.011081880789056203,-0.3109286859007403,1.6200634919584658,0.33899910002946854,31.233986800070852,1.7872934341430664,20.20275010727346,3494.3203125,0.07421875,3495.625,0.01953125
13,B0018,XGBoost,GWO,0.009984092429946082,0.009346684100323488,0.09162001966391287,1.364878706046789,0.10445920005440712,5.975290300324559,0.28449344635009766,0.16964995302259922,3496.56640625,1.31640625,3496.390625,2.08984375
13,B0018,XGBoost,PSO,0.009360834342846147,0.008748260535281372,0.2014916024579413,1.276750832136779,0.06925929989665747,4.525988700333983,0.17844104766845703,0.17539993859827518,3496.66015625,1.31640625,3496.36328125,1.11328125
13,B0018,XGBoost,WOA,0.01084624559776939,0.01035833585470276,-0.0720356721385651,1.510957925364716,0.043779800180345774,4.105895699933171,0.13381290435791016,0.14714989811182022,3495.3671875,0.01953125,3496.6875,1.34375
13,B0018,XGBoost,RandomSearch,0.05727700207472049,0.056310912253552246,-28.895851359387066,8.211692558479102,0.03118909988552332,3.73188199987635,0.1473684310913086,0.14715013094246387,3495.37109375,0.01953125,3495.64453125,0.29296875
13,B0018,XGBoost,Bayesian,0.011273155363169427,0.010620277406864932,-0.15808744433858668,1.550499669685387,0.32032590033486485,53.88371119974181,0.7267551422119141,0.3648002166301012,3690.39453125,1.70703125,3724.109375,228.75390625
13,B0018,XGBoost,GA,0.04549892427019816,0.04434015083520966,-17.86481827350811,6.4702239823121666,0.06782290013507009,4.355396800208837,0.2665739059448242,0.3073497209697962,3689.328125,0.01953125,3689.57421875,0.33203125
13,B0018,LightGBM,GWO,0.010851678183706382,0.00998822580540309,-0.07310984741627058,1.4580905540884208,0.042383700143545866,2.0650971001014113,0.20584392547607422,0.5917497910559177,3689.68359375,0.01953125,3690.6875,1.37890625
13,B0018,LightGBM,PSO,0.007489037370600194,0.006633747596133133,0.4889041390281107,0.9658908880114812,0.12848050007596612,5.0986899002455175,0.713831901550293,0.3921501338481903,3690.82421875,1.0078125,3690.82421875,1.16015625
13,B0018,LightGBM,WOA,0.014757718144387044,0.012637800877169637,-0.9846722234100866,1.8517096450770292,0.01468880008906126,0.7843704000115395,0.05645561218261719,0.3559999167919159,3689.8203125,0.01953125,3690.82421875,1.0234375
13,B0018,LightGBM,RandomSearch,0.012299259704969687,0.010782066659699214,-0.3785048941263336,1.5778523923750967,0.06267250003293157,1.1088371998630464,0.4433603286743164,0.4352501127868891,3690.84375,1.0234375,3690.84375,1.04296875
13,B0018,LightGBM,Bayesian,0.009253679171863177,0.008205845156688785,0.21966830886894928,1.198276342303906,0.10079549998044968,63.1174166998826,0.8586931228637695,0.3845500759780407,3918.3359375,0.08203125,3957.5234375,267.703125
13,B0018,LightGBM,GA,0.029090457280639945,0.027450902741898774,-6.71172376364964,4.012889340440894,0.008824999909847975,1.034227800089866,0.024431228637695312,0.4619997926056385,3918.3515625,0.01953125,3919.35546875,1.0234375
14,B0005,RandomForest,Bayesian,0.018951953900218706,0.017260536791100418,-4.1191051215042345,2.6319687726271903,0.5672814999707043,67.12694870028645,4.453675270080566,22.07174990326166,4066.6796875,0.9296875,4100.72265625,180.08984375
14,B0005,RandomForest,PSO,0.018578028203786155,0.016942436994359752,-3.919096031537471,2.583323026924073,0.4051798000000417,29.844558500219136,3.5593881607055664,14.597049914300442,4070.8125,0.0234375,4070.80859375,3.59375
14,B0005,RandomForest,RandomSearch,0.018942603843747845,0.01726512840495798,-4.114055287038996,2.6325536214422276,0.5706355995498598,23.037099699955434,3.636887550354004,24.405049858614802,4070.81640625,0.00390625,4070.81640625,0.0234375
14,B0005,RandomForest,WOA,0.018724217753796596,0.017074179502262903,-3.9968168518828593,2.6033972381837334,0.10101129999384284,12.36479949997738,0.7607583999633789,5.0148500595241785,4071.21875,0.00390625,4071.22265625,0.14453125
14,B0005,RandomForest,GA,0.01952603240378181,0.017829212110432653,-4.433930465081615,2.7184836604749427,0.304931300226599,28.785565900150687,1.6219491958618164,15.426850179210305,4071.21875,0.00390625,4071.21875,0.01953125
14,B0005,RandomForest,GWO,0.01862580030415403,0.016980291530008493,-3.9444267807502253,2.589110273143679,0.32388640008866787,31.86452079983428,3.2315378189086914,13.392050052061677,4071.2265625,0.01953125,4071.2265625,0.02734375
14,B0005,XGBoost,Bayesian,0.015523077021704896,0.013837072555519764,-2.434327362198506,2.111431362273279,0.22421539993956685,42.52225500019267,0.503931999206543,0.19184988923370838,4182.62890625,2.16015625,4215.1015625,143.89453125
14,B0005,XGBoost,PSO,0.01668653532209364,0.015114649974067175,-2.968427125569749,2.30490350293877,0.30119810020551085,7.927848500199616,0.6147899627685547,0.3961001057177782,4183.921875,2.34765625,4183.75,2.9375
14,B0005,XGBoost,RandomSearch,0.0677272059200803,0.06720722049901648,-64.37510263605158,10.207780262915001,0.06881210021674633,4.196469499729574,0.22878074645996094,0.24814996868371964,4181.75,0.01953125,4181.9921875,0.43359375
14,B0005,XGBoost,WOA,0.01499555426102313,0.013407382671333973,-2.2048751125120276,2.0454310718703947,0.12571420008316636,8.487470199819654,0.3703489303588867,0.2541497815400362,4187.9296875,6.13671875,4193.6953125,11.96484375
14,B0005,XGBoost,GA,0.021540150184239257,0.020120179267714353,-5.612771547344328,3.0657235832758696,0.08227339992299676,4.600767999887466,0.2308807373046875,0.306850066408515,4183.203125,1.1640625,4182.27734375,0.484375
14,B0005,XGBoost,GWO,0.020192104251328617,0.018592934039607194,-4.81097791598862,2.834245927941407,0.1138679999858141,5.599220999982208,0.23577880859375,0.16959989443421364,4183.40234375,1.36328125,4183.33203125,1.29296875
14,B0005,LightGBM,Bayesian,0.021633825741951284,0.019729519075267415,-5.670412931057889,3.008468000033635,0.013335899915546179,75.23699809983373,0.07610321044921875,0.32929982990026474,4424.53515625,0.01953125,4462.77734375,280.73828125
14,B0005,LightGBM,PSO,0.019305109320419154,0.017677972094767586,-4.31166400986148,2.695245918715979,0.13469950016587973,4.8028847998939455,0.6395750045776367,0.3813500516116619,4424.7578125,0.01953125,4425.76171875,1.24609375
14,B0005,LightGBM,RandomSearch,0.02647721578790368,0.02507705298879305,-8.991500056259289,3.819030031868674,0.05223429994657636,1.3795821000821888,0.30446529388427734,0.3456498961895704,4425.05859375,0.01953125,4425.98046875,1.2421875
14,B0005,LightGBM,WOA,0.019737836335268186,0.018041393038974743,-4.552456340506206,2.7508338550287235,0.1215108996257186,5.152456100098789,0.6215171813964844,0.48910011537373066,4426.125,1.0703125,4426.0625,1.0234375
14,B0005,LightGBM,GA,0.026730229169320042,0.025258843883953778,-9.183367796486271,3.847113418935719,0.028970899991691113,1.694497600197792,0.09132957458496094,0.3361501730978489,4425.23828125,0.01953125,4426.2421875,1.140625
14,B0005,LightGBM,GWO,0.023589737876294495,0.022087355791620664,-6.931079360644192,3.365047418357238,0.031130099669098854,1.9238769002258778,0.0700674057006836,0.34285010769963264,4425.23828125,0.00390625,4426.2421875,1.0234375
14,B0006,RandomForest,Bayesian,0.04005628829583228,0.035257016705862315,-3.7036127601710422,6.08543408601961,0.09480859991163015,58.44451649999246,1.1069650650024414,4.660950042307377,4544.9765625,0.01953125,4567.25,142.21484375
14,B0006,RandomForest,PSO,0.0399303440449884,0.035121941671899116,-3.674081232668393,6.062963331510282,0.26440250035375357,23.735892199911177,3.115494728088379,12.79155001975596,4546.76171875,0.015625,4546.75,1.75
14,B0006,RandomForest,RandomSearch,0.04052982465329876,0.03602814842620216,-3.8154801973992054,6.213953377029255,0.3740996001288295,23.800560100004077,3.5593881607055664,15.102350153028965,4548.00390625,0.0234375,4548.0,1.2578125
14,B0006,RandomForest,WOA,0.0440857397945689,0.04051087885580816,-4.697527336792541,6.966537116918384,0.08772419998422265,10.45613839989528,0.9575510025024414,3.9569998625665903,4548.00390625,0.01953125,4548.00390625,0.01953125
14,B0006,RandomForest,GA,0.041294720596422266,0.03684586106206901,-3.9989548649486197,6.353510539315719,0.49822899978607893,33.01837310008705,2.429215431213379,23.19859992712736,4548.546875,0.01953125,4548.546875,0.5625
14,B0006,RandomForest,GWO,0.040066498459912454,0.03524987249084913,-3.7060109243907897,6.0849538764151845,0.45950069976970553,29.656299099791795,4.563172340393066,19.043350126594305,4548.87109375,0.01953125,4548.87109375,0.05859375
14,B0006,XGBoost,Bayesian,0.04242589058914326,0.03737774798604848,-4.276574652507424,6.450693687014339,0.021720099728554487,75.43430890003219,0.05578804016113281,0.24874997325241566,4783.67578125,0.01953125,4815.70703125,266.85546875
14,B0006,XGBoost,PSO,0.03590949835407397,0.03113964507314565,-2.780148212005073,5.380980071380424,0.21954819979146123,11.295958399772644,0.42418766021728516,0.3394000232219696,4788.44921875,2.35546875,4788.55859375,4.90234375
14,B0006,XGBoost,RandomSearch,0.09564089651447057,0.09401789614889025,-25.814976979843085,16.058235984103458,0.03939500031992793,4.122638499829918,0.07746696472167969,0.1422001514583826,4786.98828125,0.01953125,4787.15625,1.0625
14,B0006,XGBoost,WOA,0.03421761589174807,0.028804309873496133,-2.432334813323454,4.988431001944745,0.06610019970685244,3.89014090038836,0.09860610961914062,0.2679999452084303,4789.78125,2.45703125,4791.86328125,4.89453125
14,B0006,XGBoost,GA,0.1274005462289186,0.12605465912003472,-46.58090867144365,21.50343939045238,0.07301720045506954,5.14306960022077,0.2572288513183594,0.29464997351169586,4787.71484375,0.01953125,4787.98046875,0.65625
14,B0006,XGBoost,GWO,0.04033714919365243,0.036403296865965336,-3.769804230786715,6.272673920357984,0.15380650013685226,9.575843299739063,0.4137401580810547,0.16675004735589027,4789.0859375,1.36328125,4788.82421875,1.12890625
14,B0006,LightGBM,Bayesian,0.04878547990091944,0.0442193253876105,-5.97704163437206,7.617078241061065,0.04715689970180392,77.30097319977358,0.15630245208740234,0.602399930357933,5016.09765625,0.07421875,5053.515625,265.79296875
14,B0006,LightGBM,PSO,0.040195538549361164,0.034361419258125796,-3.736372547488739,5.943077840230404,0.07571469992399216,4.426306999754161,0.5038366317749023,0.3779998514801264,5016.1953125,0.08984375,5017.640625,1.5625
14,B0006,LightGBM,RandomSearch,0.053019630315174246,0.04992279095331523,-7.240689336277912,8.571297474989597,0.011942300014197826,1.4037779998034239,0.04646492004394531,0.334650045260787,5016.55859375,0.01953125,5017.5625,1.38671875
14,B0006,LightGBM,WOA,0.043419077016791055,0.03723842626539602,-4.526514654395382,6.437654371398642,0.0770275997929275,3.087138599716127,0.38874053955078125,0.36654993891716003,5017.078125,0.11328125,5017.98828125,1.44921875
14,B0006,LightGBM,GA,0.04629659372670856,0.04313591872741291,-5.283306274113427,7.413511934517791,0.02357929991558194,1.4964234000071883,0.09512710571289062,0.35029975697398186,5017.1328125,0.01953125,5018.13671875,1.078125
14,B0006,LightGBM,GWO,0.044387047626290796,0.03897559624630217,-4.775673971817183,6.727093883379988,0.09647009987384081,5.515805999748409,0.6874980926513672,0.3650002181529999,5017.9375,0.01953125,5019.48046875,2.3671875
14,B0018,RandomForest,Bayesian,0.011755708270704978,0.010785191005906091,-0.25935441377221524,1.5773885905212386,0.5900577995926142,74.71270460030064,4.913407325744629,25.81730019301176,5200.2734375,1.79296875,5226.16796875,208.1953125
14,B0018,RandomForest,PSO,0.012285106599634528,0.011347719249914534,-0.3753341505184158,1.6593573468875626,0.3902222001925111,25.30152720026672,2.0571908950805664,24.523500120267272,5201.26171875,0.01953125,5201.26171875,0.52734375
14,B0018,RandomForest,RandomSearch,0.012483901558335772,0.011488552221938281,-0.4202050061859448,1.6801823888288583,0.14998479979112744,21.37776679964736,0.7311410903930664,8.744749706238508,5201.546875,0.01953125,5201.546875,0.0234375
14,B0018,RandomForest,WOA,0.011867493243106248,0.010898896156854864,-0.28341867575432844,1.5938207698629785,0.27757999999448657,26.808569400105625,2.4740304946899414,13.123549986630678,5201.55078125,0.0234375,5201.546875,0.01953125
14,B0018,RandomForest,GA,0.011466118127156045,0.010447272970988925,-0.19807275410026826,1.5284414935295507,0.41219080006703734,35.68344010040164,1.7574472427368164,20.798200042918324,5201.5546875,0.00390625,5201.5546875,0.02734375
14,B0018,RandomForest,GWO,0.01138056092942743,0.010366123839700975,-0.18026004395679118,1.5166049786183582,0.3050283999182284,25.640670100227,1.322159767150879,15.464749885722995,5201.5546875,0.01953125,5201.5546875,0.01953125
14,B0018,XGBoost,Bayesian,0.009367484261667882,0.00809147829970398,0.20035668180018984,1.1832428424566432,0.09891010029241443,64.32274290034547,0.36382007598876953,0.16194977797567844,5395.45703125,1.6875,5435.51171875,233.9765625
14,B0018,XGBoost,PSO,0.009437632310241318,0.00886452722757416,0.1883356431807527,1.29447893825309,0.13210369972512126,6.479324100073427,0.3559150695800781,0.3333499189466238,5396.08984375,1.55078125,5397.109375,3.125
14,B0018,XGBoost,RandomSearch,0.05307816950722984,0.05206558335035401,-24.67333232624097,7.593999823296367,0.05396569985896349,3.764550100080669,0.3067913055419922,0.2849998418241739,5394.59375,0.01953125,5394.84375,0.3046875
14,B0018,XGBoost,WOA,0.00873236385017663,0.00801971594242401,0.30511327570385094,1.167777747400269,0.05592510011047125,3.6968896999023855,0.1285839080810547,0.2787499688565731,5394.59765625,0.01953125,5394.87109375,0.29296875
14,B0018,XGBoost,GA,0.014354746562600525,0.01309215653150635,-0.8777658090544178,1.915050860022728,0.12057999987155199,5.634987600147724,0.3876228332519531,0.17710006795823574,5395.8515625,1.16015625,5394.98046875,0.3984375
14,B0018,XGBoost,GWO,0.017628495103576877,0.01641232598035889,-1.8319191293970607,2.399029346471355,0.03183439979329705,3.0615150001831353,0.05201911926269531,0.15890016220510006,5394.71484375,0.01953125,5395.01171875,0.3203125
14,B0018,LightGBM,Bayesian,0.01245184028686111,0.011135897473678569,-0.4129196061590312,1.624129852097373,0.0562521000392735,105.50854959990829,0.37309932708740234,0.5334499292075634,5603.50390625,0.0078125,5637.28515625,242.58984375
14,B0018,LightGBM,PSO,0.008039857469070537,0.007123590032105065,0.410956907309007,1.0383649305992226,0.0542390001937747,3.388923100195825,0.3077402114868164,0.4863000940531492,5603.71875,0.00390625,5604.72265625,1.23828125
14,B0018,LightGBM,RandomSearch,0.013554697200269392,0.011844435730219515,-0.6742874002116945,1.7348957723188274,0.02623980026692152,1.0603050999343395,0.048462867736816406,0.3388999029994011,5603.84375,0.01953125,5604.84765625,1.1484375
14,B0018,LightGBM,WOA,0.012696667520890059,0.010756169534143012,-0.46902728671696914,1.5739996219456838,0.032059499993920326,2.1176672000437975,0.13045215606689453,0.626749824732542,5604.421875,0.01953125,5605.42578125,1.6015625
14,B0018,LightGBM,GA,0.00912398146787302,0.008294424036628395,0.24138896219064676,1.2098423303342811,0.08743520034477115,3.9644208000972867,0.6094732284545898,0.3820001147687435,5604.42578125,0.00390625,5605.4296875,1.02734375
14,B0018,LightGBM,GWO,0.010197011965409567,0.008965894737010089,0.05246289376957092,1.309408787577492,0.050181600265204906,1.4712535999715328,0.23415756225585938,0.5482500419020653,5604.4296875,0.01953125,5605.43359375,1.0234375
15,B0005,RandomForest,GA,0.019077264829738046,0.0173482874051158,-4.18702429934617,2.645440656593623,0.24958499986678362,19.89632839988917,1.9033823013305664,12.533899862319231,5605.84375,0.01953125,5605.84375,0.01953125
15,B0005,RandomForest,RandomSearch,0.01910944253620282,0.01739196950890039,-4.204537009666312,2.651993770259674,0.26667119981721044,24.6805629003793,1.945084571838379,12.393600074574351,5605.84375,0.01953125,5605.84375,0.01953125
15,B0005,RandomForest,WOA,0.01930234170938042,0.017473461707420274,-4.3101411419044355,2.664398137503657,0.06659849965944886,11.602666900027543,0.6183938980102539,2.8132000006735325,5605.84375,0.01953125,5605.84375,0.01953125
15,B0005,RandomForest,Bayesian,0.018115446779168508,0.01642722375566066,-3.6771808646691513,2.505023513996907,0.09877639962360263,60.10100470017642,0.9563150405883789,4.015399841591716,5712.0625,0.01953125,5756.50390625,150.6796875
15,B0005,RandomForest,PSO,0.0184758905434423,0.016776857639203283,-3.865156631012715,2.5582954098840704,0.055146200116723776,16.022549100220203,0.6273660659790039,2.7057998813688755,5712.609375,0.01953125,5712.609375,0.56640625
15,B0005,RandomForest,GWO,0.01876300485894958,0.017089264187422477,-4.017540046141527,2.605882844737058,0.25022869976237416,22.582466599997133,3.085099220275879,12.967700138688087,5714.4921875,0.00390625,5714.4921875,1.90234375
15,B0005,XGBoost,GA,0.050802377605451934,0.0501150682152746,-35.783592416500305,7.615694924088015,0.10973400017246604,8.305630200076848,0.3514375686645508,0.2918501850217581,5717.875,1.1640625,5716.99609375,2.5234375
15,B0005,XGBoost,RandomSearch,0.06825919093661217,0.06773786231156108,-65.40615549898946,10.288325255136312,0.07416869979351759,4.360373700037599,0.20972251892089844,0.2844498958438635,5716.93359375,0.01953125,5717.2109375,0.5
15,B0005,XGBoost,WOA,0.01508834643708768,0.01347349568482157,-2.2446612309600167,2.0557136637626745,0.11431680014356971,13.88903609989211,0.3447084426879883,0.31455024145543575,5727.26171875,9.12109375,5729.80859375,12.89453125
15,B0005,XGBoost,Bayesian,0.015381204451092837,0.013692134691803052,-2.3718384227688265,2.089341445717342,0.11001309985294938,105.5477485996671,0.23916244506835938,0.320949824526906,5998.8203125,2.28515625,6013.48046875,295.33984375
15,B0005,XGBoost,PSO,0.015593574430076087,0.013888382984726026,-2.4655919042883814,2.118736587509872,0.05712260026484728,4.537824099883437,0.05935096740722656,0.20854989998042583,6000.8046875,3.3515625,6008.91796875,12.5546875
15,B0005,XGBoost,GWO,0.03396585916418027,0.0329447879971502,-15.442629626815652,5.011362497906129,0.07836080016568303,4.523018899839371,0.28678226470947266,0.29610004276037216,5999.33984375,1.36328125,5998.93359375,1.48046875
15,B0005,LightGBM,GA,0.02227130995535102,0.02064848630569322,-6.069319165132148,3.1465577714908837,0.06187439989298582,2.9425873002037406,0.3041648864746094,0.34394976682960987,5999.04296875,1.0234375,5999.04296875,1.06640625
15,B0005,LightGBM,RandomSearch,0.03713952924119863,0.03627937656224763,-18.658883746318846,5.516521378521776,0.029448799788951874,1.3427884997799993,0.05836296081542969,0.35315006971359253,5998.0390625,0.01953125,5999.04296875,1.0234375
15,B0005,LightGBM,WOA,0.018918624332485718,0.017267815702214577,-4.101115679911289,2.633215358495472,0.022698000073432922,1.0577312996611,0.11748600006103516,0.4291499499231577,5998.234375,0.01953125,5999.04296875,1.0234375
15,B0005,LightGBM,Bayesian,0.0203219381076803,0.01873998531079811,-4.885946550380855,2.855798105988053,0.19748189998790622,58.575124700088054,1.0485305786132812,0.5872498732060194,6153.43359375,2.07421875,6176.91015625,178.6953125
15,B0005,LightGBM,PSO,0.020242491379174648,0.018487828115703354,-4.840015385920508,2.8188321677058106,0.030674600042402744,2.3659886000677943,0.17479419708251953,0.33549987711012363,6151.890625,0.01953125,6152.79296875,1.44921875
15,B0005,LightGBM,GWO,0.023236986606644444,0.021742600481837605,-6.6956566092864875,3.3127521582969477,0.056773100048303604,3.146856600418687,0.3707742691040039,0.4990499000996351,6153.6484375,1.0234375,6153.6484375,1.77734375
15,B0006,RandomForest,GA,0.04009978018481076,0.03543145649445584,-3.7138323821103425,6.11258162406288,0.16212480003014207,29.21176109975204,1.555344581604004,6.622799905017018,6154.1953125,0.01953125,6154.1953125,1.45703125
15,B0006,RandomForest,RandomSearch,0.04210438008275545,0.03702204397419208,-4.1969041455481735,6.390763847567049,0.08558269962668419,21.811815499793738,0.4179849624633789,4.920250037685037,6154.20703125,0.01953125,6154.20703125,0.03125
15,B0006,RandomForest,WOA,0.04370657914102104,0.03921090139989823,-4.599945287278133,6.75848736058856,0.16680849995464087,18.55782790016383,1.320878028869629,8.949550101533532,6154.20703125,0.01953125,6154.20703125,0.01953125
15,B0006,RandomForest,Bayesian,0.03996341414106089,0.035176286356429325,-3.6818265365015224,6.071603890998646,0.10155540006235242,68.83238429995254,0.7943124771118164,3.480650018900633,6294.015625,0.01953125,6332.640625,180.59375
15,B0006,RandomForest,PSO,0.04066330680484855,0.03569911442327452,-3.847251325926929,6.1618304402462725,0.39596439991146326,39.72528339968994,4.513733863830566,19.197699846699834,6297.4765625,0.02734375,6297.46875,3.47265625
15,B0006,RandomForest,GWO,0.04069115131425151,0.03606944294762659,-3.853891983383143,6.221044448499199,0.18145389994606376,23.90371400024742,1.9541940689086914,8.193299872800708,6300.48046875,0.01953125,6300.48046875,3.0234375
15,B0006,XGBoost,GA,0.0878958119195726,0.08586578493036444,-21.64782580455197,14.680495874581782,0.03149159997701645,2.8504785001277924,0.040701866149902344,0.19824993796646595,6301.24609375,0.01953125,6301.4921875,1.03125
15,B0006,XGBoost,RandomSearch,0.09686137515901942,0.0950003090740236,-26.503718389564256,16.23228542957943,0.0476584997959435,3.85896490002051,0.12025833129882812,0.2264999784529209,6301.5703125,0.0234375,6301.84765625,0.5546875
15,B0006,XGBoost,WOA,0.036169131657397914,0.0315611439036475,-2.8350083725233013,5.451765154815435,0.13030699966475368,8.948948399629444,0.36716365814208984,0.3018500283360481,6306.2421875,2.421875,6305.9296875,4.3828125
15,B0006,XGBoost,Bayesian,0.038853318762119,0.03379455974570377,-3.4253374593316543,5.840322459217524,0.0342076001688838,66.41944870026782,0.0550079345703125,0.26419968344271183,6466.78515625,0.01953125,6503.22265625,199.3984375
15,B0006,XGBoost,PSO,0.038760157983532204,0.03504794226344505,-3.4041411426491957,6.0374895382897895,0.30408710008487105,10.726908899843693,0.6184978485107422,0.3085499629378319,6469.75,2.04296875,6469.53125,2.76171875
15,B0006,XGBoost,GWO,0.03437028047963413,0.029124806340939745,-2.4630304004203594,5.041784430337783,0.0723755001090467,5.561412199866027,0.10870838165283203,0.1689000055193901,6470.89453125,2.16015625,6470.67578125,2.53125
15,B0006,LightGBM,GA,0.05937253142228054,0.05696328937570698,-9.333829306436831,9.75074999649844,0.03014650009572506,1.6165633001364768,0.10020637512207031,0.5916999652981758,6468.8125,0.00390625,6469.81640625,1.08203125
15,B0006,LightGBM,RandomSearch,0.05555034299073474,0.05238451900814689,-8.04614700911337,8.993010725229231,0.019335899967700243,1.4604012998752296,0.05328559875488281,0.33665006048977375,6468.83984375,0.01953125,6469.828125,1.03515625
15,B0006,LightGBM,WOA,0.043891758655062986,0.039867830320565394,-4.647498400753531,6.865594310780467,0.02478849980980158,1.2752033998258412,0.0940866470336914,0.33125001937150955,6468.83984375,0.01953125,6469.84375,1.0234375
15,B0006,LightGBM,Bayesian,0.04338920491204934,0.03916126621862072,-4.518912842202057,6.7458206543480355,0.036767699755728245,84.31013439968228,0.11669063568115234,0.3332998603582382,6675.0390625,0.01953125,6701.171875,232.1875
15,B0006,LightGBM,PSO,0.041403646903911004,0.03595096944074479,-4.025361913853556,6.211655759653997,0.03184750024229288,1.7399395001120865,0.1960620880126953,0.34169992431998253,6675.0859375,0.01953125,6676.07421875,1.0546875
15,B0006,LightGBM,GWO,0.048791948922009394,0.045463043152372304,-5.9788920874997755,7.813777119069355,0.04053980018943548,2.0285867997445166,0.17969417572021484,0.3795998636633158,6675.09375,0.01953125,6676.09765625,1.03515625
15,B0018,RandomForest,GA,0.012194083789692596,0.011085762939129978,-0.3550294000393093,1.6216511780623974,0.2765480997040868,27.139047800097615,0.5602121353149414,16.314300009980798,6674.859375,0.00390625,6674.859375,0.0234375
15,B0018,RandomForest,RandomSearch,0.011687086440596572,0.010676713749607792,-0.2446948161756366,1.561569972403663,0.47934320010244846,21.82684969995171,2.138443946838379,25.360350031405687,6674.87109375,0.00390625,6674.87109375,0.03125
15,B0018,RandomForest,WOA,0.01208567947001317,0.01126375438841451,-0.331044307162905,1.6460192887704526,0.33581919968128204,31.208409699611366,1.7327280044555664,19.992549903690815,6674.875,0.00390625,6674.875,0.0234375
15,B0018,RandomForest,Bayesian,0.01222730784925772,0.011570615367543984,-0.3624232983519662,1.6899847503599248,0.07475369982421398,66.58425730001181,0.5740365982055664,3.203250002115965,6494.56640625,0.0390625,6744.859375,70.00390625
15,B0018,RandomForest,PSO,0.011983965828763102,0.011137672774386292,-0.30873432306633153,1.6278735950414167,0.1326608001254499,15.066210400313139,0.7983865737915039,6.314300000667572,6494.64453125,0.0390625,6494.609375,0.05078125
15,B0018,RandomForest,GWO,0.012353646689935133,0.011473364528082513,-0.3907232699323928,1.6768492111241422,0.08013129979372025,15.190651400014758,0.7327432632446289,3.9224501233547926,6494.6484375,0.00390625,6494.6484375,0.0234375
15,B0018,XGBoost,GA,0.06862593782427479,0.0678217016479309,-41.916762555319444,9.885573733857779,0.043942099902778864,3.136998599860817,0.11156082153320312,0.13999990187585354,6494.6640625,0.01953125,6494.94921875,0.3203125
15,B0018,XGBoost,RandomSearch,0.049867579930898694,0.04875489104002075,-21.661411306440314,7.112907650098367,0.07469230005517602,3.8583557000383735,0.30139636993408203,0.16395002603530884,6494.9296875,0.01953125,6495.140625,0.49609375
15,B0018,XGBoost,WOA,0.008447029111390234,0.007911375559848022,0.3497829546844362,1.1530546459177837,0.0651183002628386,8.117314600385725,0.2479391098022461,0.17555011436343193,6502.125,5.546875,6502.23046875,7.3203125
15,B0018,XGBoost,Bayesian,0.008843123048677402,0.008189850332432557,0.2873739324220165,1.194630471166074,0.05720899999141693,95.69061470031738,0.05440330505371094,0.26379991322755814,6727.8828125,1.8125,6766.0234375,269.44140625
15,B0018,XGBoost,PSO,0.10730697979761578,0.10679443705289918,-103.9316040205665,15.552928587839254,0.047892600297927856,3.704643900040537,0.20743083953857422,0.1951002050191164,6726.4453125,0.00390625,6726.62890625,0.44921875
15,B0018,XGBoost,GWO,0.013260467706147477,0.012171503188305666,-0.6023893611566375,1.7788005451588527,0.10214390000328422,4.994509299751371,0.25015735626220703,0.2655999269336462,6726.7265625,0.01953125,6727.0,0.57421875
15,B0018,LightGBM,GA,0.017636474196536498,0.015629129926359224,-1.8344833028721204,2.2897231408640346,0.01920539978891611,1.5566225997172296,0.07649993896484375,0.3424501046538353,6726.76953125,0.01953125,6727.7734375,1.06640625
15,B0018,LightGBM,RandomSearch,0.012880268494058733,0.01144662005052175,-0.5118203981146363,1.6748254026058438,0.02322580013424158,1.01626419974491,0.08161449432373047,0.3817998804152012,6726.796875,0.00390625,6727.80078125,1.05078125
15,B0018,LightGBM,WOA,0.009356698264190987,0.00832169874819566,0.2021970874118656,1.2154162293295945,0.041226199828088284,2.5188440000638366,0.24179935455322266,0.33735018223524094,6726.828125,0.01953125,6727.83203125,1.0546875
15,B0018,LightGBM,Bayesian,0.009405050726838593,0.008420036450157348,0.1939301949567852,1.2282299921860929,0.06681010033935308,84.67012690007687,0.30903148651123047,0.3766997251659632,6950.20703125,1.0234375,6991.87109375,265.0625
15,B0018,LightGBM,PSO,0.01116967382051147,0.009588869356149693,-0.1369237799078833,1.398849326734731,0.04559960030019283,3.2199793998152018,0.39874744415283203,0.361250014975667,6949.16015625,0.01953125,6950.328125,1.05859375
15,B0018,LightGBM,GWO,0.008969291621992873,0.007993362957149436,0.2668941962536947,1.165720521647323,0.1000953996554017,1.831032699905336,0.5467748641967773,0.3852499648928642,6949.31640625,0.01953125,6950.3203125,1.1796875
16,B0005,RandomForest,PSO,0.018878911135785416,0.01719219169375175,-4.079722054101508,2.6214265084645003,0.40381950000301003,32.43003060016781,4.229416847229004,17.859499901533127,6952.74609375,0.01953125,6952.74609375,0.17578125
16,B0005,RandomForest,WOA,0.01949784401325019,0.017697678829258993,-4.418252606139533,2.6986386270959244,0.08020279975607991,8.719465899746865,0.7617654800415039,3.1788500491529703,6952.7734375,0.00390625,6952.7734375,0.046875
16,B0005,RandomForest,GA,0.020766067882438368,0.019131455137371172,-5.146028983983347,2.916145784416136,0.34675970021635294,35.843763899989426,1.419480323791504,20.14195010997355,6952.7734375,0.01953125,6952.7734375,0.01953125
16,B0005,RandomForest,GWO,0.020514283658664086,0.018898448077565706,-4.997893886679975,2.880659109562415,0.26057060016319156,34.61017730040476,0.8437509536743164,13.389599975198507,6952.9296875,0.01953125,6952.9296875,0.01953125
16,B0005,RandomForest,RandomSearch,0.021125648071995164,0.019298713975366002,-5.360718072658881,2.9418320229221737,0.293438000138849,22.52315350016579,4.511628150939941,18.943600123748183,6952.9296875,0.00390625,6952.9296875,0.01953125
16,B0005,RandomForest,Bayesian,0.018990030222090795,0.017319186850873892,-4.1396953465169695,2.6407320968214782,0.3248244998976588,70.59826220013201,3.543961524963379,14.973299810662866,7069.984375,0.01953125,7101.3515625,148.44140625
16,B0005,XGBoost,PSO,0.016437755157795133,0.014814960112622847,-2.850978375265574,2.259845983598518,0.16658930014818907,7.259354699868709,0.48450756072998047,0.3297501243650913,7071.359375,0.01953125,7071.734375,1.76171875
16,B0005,XGBoost,WOA,0.015716936448578963,0.01415686522965776,-2.520641950267211,2.1593306333263076,0.11645400011911988,8.069350900128484,0.36052989959716797,0.24140020832419395,7080.8671875,9.51953125,7080.47265625,8.90625
16,B0005,XGBoost,GA,0.0704978361853579,0.07001591744758145,-69.83332683058688,10.63335766564959,0.07856270018965006,4.653222700115293,0.2051382064819336,0.14960020780563354,7071.7890625,0.01953125,7071.984375,0.63671875
16,B0005,XGBoost,GWO,0.01641699120286397,0.014633729897696936,-2.8412555101325987,2.232979934360983,0.06083919992670417,4.402628199663013,0.1569957733154297,0.27069984935224056,7072.3203125,0.01953125,7073.14453125,1.375
16,B0005,XGBoost,RandomSearch,0.0559728157193224,0.05534249872396155,-43.65194433862511,8.408540387424313,0.05209759995341301,4.046072200406343,0.09158134460449219,0.2753501757979393,7072.69140625,0.0234375,7072.97265625,0.66796875
16,B0005,XGBoost,Bayesian,0.015320089770352293,0.013631872103448794,-2.3450967668592475,2.0798129324369934,0.0831585000269115,85.04339040024206,0.3517141342163086,0.29840017668902874,7269.7109375,0.00390625,7309.9375,237.265625
16,B0005,LightGBM,PSO,0.01897442299275521,0.01741667800907443,-4.131250553165091,2.6552764392069093,0.13059759978204966,4.486858599819243,0.7935934066772461,0.43155020102858543,7271.203125,1.12890625,7272.5859375,2.89453125
16,B0005,LightGBM,WOA,0.021325061650338428,0.01979416077608515,-5.481367634071553,3.0165354037921106,0.029959999956190586,1.5271795000880957,0.1356639862060547,0.3542499616742134,7270.19921875,0.00390625,7271.203125,1.0234375
16,B0005,LightGBM,GA,0.03506600851617268,0.034060123330362846,-16.52502851159785,5.180665323764112,0.026478999760001898,2.2468778998591006,0.061974525451660156,0.5151499062776566,7270.28125,0.00390625,7271.28515625,1.0234375
16,B0005,LightGBM,GWO,0.026267724618233398,0.024818321470759068,-8.834017450235264,3.7800409908647294,0.03133750008419156,1.72159059997648,0.066650390625,0.4410997498780489,7270.28125,0.00390625,7271.28515625,1.0234375
16,B0005,LightGBM,RandomSearch,0.023190152542425443,0.021657016318262313,-6.664666733494264,3.299973595936639,0.056137700099498034,1.3851359002292156,0.21030044555664062,0.35945000126957893,7271.328125,1.046875,7271.3046875,1.04296875
16,B0005,LightGBM,Bayesian,0.020283060372708512,0.018608004960284738,-4.863447379263167,2.8370432269304953,0.08852439979091287,104.13137670001015,0.7226972579956055,0.4255997482687235,7490.30859375,0.00390625,7504.9140625,234.609375
16,B0006,RandomForest,PSO,0.040534484209537085,0.03598023796665334,-3.8165874950888004,6.20641485934087,0.5391335999593139,46.35570350009948,5.184037208557129,24.442499969154596,7491.3046875,0.015625,7491.30078125,1.14453125
16,B0006,RandomForest,WOA,0.043420051831767954,0.03783784583822968,-4.526762812122429,6.5334832138527625,0.05291990004479885,8.598250299692154,0.2921915054321289,2.9759500175714493,7491.77734375,0.01953125,7491.77734375,0.31640625
16,B0006,RandomForest,GA,0.044294273783564334,0.04032878447603691,-4.751555607393982,6.94184988870347,0.09985990030691028,18.320848900359124,0.2118539810180664,4.128549946472049,7491.77734375,0.01953125,7491.77734375,0.01953125
16,B0006,RandomForest,GWO,0.04068033937188798,0.03615844204208766,-3.8513128954731375,6.236091901786995,0.6033890997059643,37.31798589974642,3.852494239807129,25.772200198844075,7491.77734375,0.00390625,7491.77734375,0.01953125
16,B0006,RandomForest,RandomSearch,0.040665676668404246,0.036302161340267765,-3.8478163394443596,6.259463941893811,0.5643417998217046,24.809900099877268,2.7456674575805664,25.79494984820485,7491.81640625,0.01953125,7491.81640625,0.01953125
16,B0006,RandomForest,Bayesian,0.041361726811827794,0.03701931363551178,-4.015190974612213,6.379738085540511,0.09399309987202287,89.59591039968655,0.9637308120727539,4.031999967992306,7666.640625,0.01953125,7708.83203125,217.03515625
16,B0006,XGBoost,PSO,0.03537920372311926,0.030001134460804577,-2.669325674640564,5.191165847955262,0.08088530041277409,4.248624300118536,0.22795867919921875,0.27704983949661255,7668.984375,1.859375,7668.6875,2.02734375
16,B0006,XGBoost,WOA,0.034541530323711725,0.02882685876911193,-2.4976254532709827,4.994960285759376,0.11379869980737567,7.506607899907976,0.2877044677734375,0.22074999287724495,7670.89453125,3.15234375,7675.25,8.12109375
16,B0006,XGBoost,GA,0.06861191743514199,0.06627755976741821,-12.800323412112999,11.34774616704821,0.08449590019881725,4.694447200279683,0.2180032730102539,0.15674973838031292,7670.3203125,1.06640625,7669.57421875,1.83203125
16,B0006,XGBoost,GWO,0.04545115731958154,0.041109989103085734,-5.055918806484571,7.074402846955049,0.08902249997481704,5.5238941996358335,0.13811588287353516,0.14960020780563354,7670.89453125,1.4609375,7671.6015625,2.34375
16,B0006,XGBoost,RandomSearch,0.0947758075090495,0.09295876287598565,-25.332078333845732,15.883580646311065,0.050725100096315145,4.277711299713701,0.1730966567993164,0.3188997507095337,7669.66796875,0.01953125,7669.94921875,0.51171875
16,B0006,XGBoost,Bayesian,0.04151910285466616,0.03673157403203847,-4.0534278910898305,6.337714604517894,0.0733672003261745,80.37399089988321,0.3514375686645508,0.29000011272728443,7826.28515625,0.01953125,7872.08203125,202.4296875
16,B0006,LightGBM,PSO,0.04628601316171194,0.04182001789281098,-5.280434644546662,7.2050834374991215,0.08445269986987114,4.462186399847269,0.5571565628051758,0.39139995351433754,7827.06640625,0.01953125,7828.59765625,2.33203125
16,B0006,LightGBM,WOA,0.06151674868559763,0.05805130902483483,-10.093712310944433,9.958760311708769,0.04132530000060797,2.2825215999037027,0.17972660064697266,0.47045014798641205,7827.08984375,0.01953125,7828.09375,1.046875
16,B0006,LightGBM,GA,0.05517079106598113,0.05255719197396537,-7.922952351436058,9.013069403432858,0.05261279968544841,1.1969091999344528,0.16987323760986328,0.3783002030104399,7827.08984375,0.01953125,7828.09375,1.0234375
16,B0006,LightGBM,GWO,0.04772879202523933,0.04303712308420224,-5.678071081305479,7.41547250469457,0.07809520000591874,2.190433000214398,0.5166425704956055,0.667699845507741,7827.2265625,0.01953125,7828.23046875,1.16015625
16,B0006,LightGBM,RandomSearch,0.05994676216857954,0.05771868558417327,-9.534686443222558,9.885871801613538,0.024798300117254257,1.437215399928391,0.09659290313720703,0.5064001306891441,7827.453125,0.01953125,7828.45703125,1.25
16,B0006,LightGBM,Bayesian,0.041623112260084076,0.03670051766263323,-4.078778264233359,6.332804521805137,0.16037450032308698,125.19862999999896,1.183176040649414,0.43114996515214443,6929.1484375,2.42578125,8054.4765625,227.04296875
16,B0018,RandomForest,PSO,0.011922839962373729,0.010927908782841344,-0.29541761283291823,1.5982629770202545,0.34121329989284277,28.56207189988345,2.712204933166504,14.32839990593493,6927.8203125,0.03125,6927.79296875,0.0234375
16,B0018,RandomForest,WOA,0.013050276882614606,0.012233261204997792,-0.5519932228773234,1.787227545643964,0.08852009987458587,10.714524999726564,0.2165689468383789,4.342400236055255,6927.94140625,0.0234375,6927.9375,0.15625
16,B0018,RandomForest,GA,0.011886958373244374,0.010854811704603446,-0.28763226977456835,1.5878500296513374,0.2928976002149284,20.25453589996323,0.7843332290649414,14.220899902284145,6927.9375,0.00390625,6927.9375,0.01953125
16,B0018,RandomForest,GWO,0.011382965869362226,0.010476543021867485,-0.18075892172596952,1.5317726599148058,0.2820533998310566,27.675308200065047,2.7425546646118164,14.126800000667572,6928.40234375,0.01953125,6928.40234375,0.484375
16,B0018,RandomForest,RandomSearch,0.011986654019213012,0.010981615601212741,-0.3093215279606718,1.6060610775605901,0.2007059999741614,22.569283299613744,1.656052589416504,8.683500112965703,6928.484375,0.00390625,6928.484375,0.1015625
16,B0018,RandomForest,Bayesian,0.011670541387058,0.01077762226550436,-0.24117315735143308,1.5757249061070497,0.13063179980963469,81.71837870031595,1.291855812072754,6.9522501435130835,7083.4296875,0.07421875,7123.58984375,195.125
16,B0018,XGBoost,PSO,0.10795957752489051,0.10745014775007325,-105.2117883029152,15.648281022402093,0.03512040013447404,3.379049399867654,0.16649246215820312,0.15740003436803818,7084.02734375,0.01953125,7084.20703125,0.796875
16,B0018,XGBoost,WOA,0.009364119411459914,0.008635657312565614,0.2009310508959068,1.2615294796956,0.09542960021644831,4.535938499961048,0.1253223419189453,0.18085003830492496,7086.875,1.70703125,7086.57421875,2.56640625
16,B0018,XGBoost,GA,0.10765750686205383,0.10714664089887696,-104.61825910809543,15.6041455259205,0.04255099967122078,3.507984099909663,0.12484264373779297,0.21580001339316368,7085.203125,0.01953125,7085.48828125,0.3203125
16,B0018,XGBoost,GWO,0.07793992585313828,0.0772327386161621,-54.35671944643962,11.25411216177898,0.031406600028276443,3.6206974000670016,0.06633758544921875,0.19069993868470192,7085.34765625,0.01953125,7085.625,0.41015625
16,B0018,XGBoost,RandomSearch,0.07240381580145408,0.07164200175016479,-46.77198399274036,10.44111586101627,0.04525720002129674,4.055825099814683,0.0805673599243164,0.26390026323497295,7085.34765625,0.01953125,7085.62109375,0.29296875
16,B0018,XGBoost,Bayesian,0.009124102105141188,0.008338523305934143,0.2413689013502026,1.21282533282568,0.04552619997411966,109.63932370021939,0.07102203369140625,0.21150009706616402,7281.4140625,0.01953125,7325.22265625,239.89453125
16,B0018,LightGBM,PSO,0.015944067522609635,0.014596307670839526,-1.3165870180470916,2.128394711960407,0.019875500351190567,1.230869899969548,0.09289264678955078,0.5960499402135611,7280.07421875,0.01953125,7281.078125,1.05859375
16,B0018,LightGBM,WOA,0.010726399641542862,0.009728033798575664,-0.04847557075787656,1.4156771445454046,0.058588700369000435,3.3840506998822093,0.3446025848388672,0.5535997916013002,7281.98828125,1.0234375,7281.98828125,1.93359375
16,B0018,LightGBM,GA,0.021048986555051812,0.019080698931743394,-3.0375019942351624,2.7934405901448014,0.030827299691736698,1.9898051000200212,0.1546630859375,0.4461999051272869,7281.0,0.00390625,7282.00390625,1.0390625
16,B0018,LightGBM,GWO,0.009506773484295277,0.00852938168426155,0.17639938769071561,1.2433402573430798,0.05994979990646243,1.9370893999002874,0.38159942626953125,0.4820998292416334,7282.01171875,1.0234375,7282.01171875,1.03125
16,B0018,LightGBM,RandomSearch,0.013238255253800991,0.010938707462180059,-0.597025570465505,1.6041714417390698,0.04584540007635951,1.088463599793613,0.1774759292602539,0.41624996811151505,7281.046875,0.01953125,7282.05078125,1.0625
16,B0018,LightGBM,Bayesian,0.007848418101429642,0.006817871148438509,0.43867468346881544,0.9936671346662987,0.047593200113624334,142.1089146998711,0.19943809509277344,0.4624000284820795,7587.07421875,0.00390625,7614.36328125,333.3359375
17,B0005,RandomForest,PSO,0.01842918894695297,0.016707939477845088,-3.840592356758041,2.54783448089776,0.3807671000249684,33.93813520018011,4.138962745666504,17.43694976903498,7589.2109375,0.00390625,7589.2109375,0.09765625
17,B0005,RandomForest,GA,0.019139530414526075,0.017321475798986345,-4.220939032325337,2.6416283209754963,0.24346920009702444,22.068285000044852,2.016312599182129,12.909300159662962,7589.25,0.00390625,7589.25390625,0.0625
17,B0005,RandomForest,WOA,0.018967606188807527,0.017147311619620912,-4.127564280780102,2.615095178308279,0.2890281998552382,30.870793600101024,2.4435434341430664,15.733399661257863,7589.65234375,0.01953125,7589.65234375,0.421875
17,B0005,RandomForest,Bayesian,0.018734329562066408,0.01698159441239608,-4.002215261350917,2.5897320974496263,0.27437790017575026,81.6181788998656,2.9759225845336914,12.835849775001407,7707.1796875,0.125,7739.17578125,149.54296875
17,B0005,RandomForest,RandomSearch,0.019104173364383446,0.017390896887272692,-4.201667243178062,2.6518693039309147,0.20579699985682964,25.694820700213313,1.044114112854004,8.566549979150295,7710.30859375,0.00390625,7710.30859375,2.6328125
17,B0005,RandomForest,GWO,0.01945188763429074,0.017718403392216496,-4.392741086015109,2.701835163248956,0.05437509994953871,19.83559300005436,0.6302499771118164,2.700550016015768,7710.4765625,0.01953125,7710.4765625,0.1875
17,B0005,XGBoost,PSO,0.016066005071790606,0.01436096758077306,-2.6787634654196357,2.1911163539308074,0.11191130010411143,7.136058599688113,0.34041786193847656,0.24329964071512222,7715.3046875,2.7578125,7714.8203125,4.36328125
17,B0005,XGBoost,GA,0.09743547143399937,0.09707475036809607,-134.306994343171,14.737077429903003,0.06682609999552369,4.61819009995088,0.23536109924316406,0.1603499986231327,7712.56640625,0.01953125,7712.84765625,0.30078125
17,B0005,XGBoost,WOA,0.01705533731224781,0.015225547893502103,-3.145784194569572,2.3230215186614154,0.06332430010661483,3.842261000070721,0.08812618255615234,0.27290009893476963,7712.73046875,0.00390625,7719.2421875,6.6953125
17,B0005,XGBoost,Bayesian,0.01613020409045611,0.014676821763383205,-2.7082225464502114,2.23824596532967,0.11855110013857484,86.10669869976118,0.38028430938720703,0.16399985179305077,7856.10546875,5.7421875,7890.08203125,177.37109375
17,B0005,XGBoost,RandomSearch,0.07554035603935061,0.07507927929406512,-80.32875426902798,11.401422194707916,0.08747390005737543,4.190413599833846,0.30205821990966797,0.15934999100863934,7851.0390625,0.01953125,7851.2265625,0.86328125
17,B0005,XGBoost,GWO,0.01611028745476824,0.014486313856249369,-2.6990708059052113,2.2100272547900426,0.08166030002757907,4.547832099720836,0.09232425689697266,0.28365012258291245,7857.95703125,6.53515625,7857.3828125,6.36328125
17,B0005,LightGBM,PSO,0.020478974983473314,0.018790005085347953,-4.97726480332046,2.8647160594753696,0.05591310001909733,3.762022899929434,0.31905555725097656,0.6219998467713594,7851.49609375,0.01953125,7852.5,1.078125
17,B0005,LightGBM,GA,0.018568467903097456,0.01698556981678884,-3.914034575468137,2.5898780572794387,0.06675969995558262,3.2651523002423346,0.46314525604248047,0.3624502569437027,7852.5,1.0234375,7852.5,1.0234375
17,B0005,LightGBM,WOA,0.027296268989885287,0.02578669804203435,-9.619220624942502,3.927511757255446,0.03250889992341399,1.331766199786216,0.10962390899658203,0.5617497954517603,7851.640625,0.01953125,7852.5234375,1.046875
17,B0005,LightGBM,Bayesian,0.021114858561900565,0.01940329380991159,-5.354222508011154,2.95806915937479,0.16272590029984713,120.7642334997654,0.9378652572631836,0.6591998971998692,8101.42578125,0.2890625,8140.6640625,289.04296875
17,B0005,LightGBM,RandomSearch,0.024797128616766147,0.023138497329671784,-7.763727286522704,3.5251424486091256,0.051134899724274874,1.2801815001294017,0.2418222427368164,0.35859993658959866,8099.671875,0.00390625,8100.67578125,1.1484375
17,B0005,LightGBM,GWO,0.022052303330978535,0.0205465694079285,-5.930969384866666,3.1310300785210687,0.03362250002101064,1.375082299578935,0.115692138671875,0.3852001391351223,8099.98046875,0.01953125,8100.984375,1.33203125
17,B0006,RandomForest,PSO,0.04071648750277671,0.03599991078606725,-3.8599383794489706,6.211666416494532,0.42742429999634624,31.330599599983543,3.912003517150879,16.24849997460842,8101.56640625,0.0234375,8101.546875,0.640625
17,B0006,RandomForest,GA,0.04241291490604861,0.03839135432076755,-4.273347533903788,6.613239130879143,0.2853339998982847,27.59734749980271,0.9847879409790039,13.955949805676937,8101.7265625,0.01953125,8101.7265625,0.1796875
17,B0006,RandomForest,WOA,0.04149202055007768,0.036693925972764205,-4.046837486742736,6.330365488413101,0.09111910033971071,10.375186899676919,1.118729591369629,4.603950073942542,8101.7265625,0.01953125,8101.7265625,0.01953125
17,B0006,RandomForest,Bayesian,0.04084107189551891,0.03610982108907764,-3.8897247791077323,6.2310364789746755,0.24361889995634556,87.72832919983193,2.3251657485961914,9.648249950259924,8227.71484375,0.0390625,8257.04296875,155.3359375
17,B0006,RandomForest,RandomSearch,0.041593464911866926,0.03734326589505401,-4.071545807328799,6.436304686102859,0.14381189970299602,23.18922180030495,0.5472574234008789,5.32984989695251,8227.90625,0.01953125,8227.90625,0.16015625
17,B0006,RandomForest,GWO,0.0406350409606528,0.03575716451647352,-3.840514833407963,6.171831801063048,0.21830069972202182,30.08128990000114,2.3982248306274414,10.214300127699971,8227.91015625,0.01953125,8227.91015625,0.0234375
17,B0006,XGBoost,PSO,0.03876101105678344,0.03464768331886028,-3.4043350064796583,5.972094846278879,0.06419100007042289,4.414953899569809,0.06170463562011719,0.26124995201826096,8231.453125,3.25,8230.3125,2.390625
17,B0006,XGBoost,GA,0.13506712161930629,0.13379837535996392,-52.47975896901769,22.818363485639573,0.049770299810916185,4.531165100168437,0.19779586791992188,0.1641500275582075,8229.18359375,0.01953125,8229.4296875,1.2265625
17,B0006,XGBoost,WOA,0.05230757501853415,0.0471779001227778,-7.020830242263331,8.126413096324416,0.04265009984374046,3.1455970001406968,0.05639457702636719,0.18690014258027077,8229.1875,0.01953125,8230.29296875,1.125
17,B0006,XGBoost,Bayesian,0.05369506938722836,0.05126304887909846,-7.451989862108926,8.781867402834044,0.2836409001611173,163.44700499996543,0.3831367492675781,0.541049987077713,7927.18359375,11.33203125,8432.3359375,203.1640625
17,B0006,XGBoost,RandomSearch,0.08874686435710062,0.08692638539452507,-22.08852484766709,14.856098103289856,0.3401758996769786,10.786571399774402,0.31713008880615234,0.86240004748106,7915.87890625,0.01953125,7916.11328125,0.2578125
17,B0006,XGBoost,GWO,0.03813037696253436,0.03318121419604698,-3.2621855187896243,5.732312436072684,0.2686231001280248,22.143275199923664,0.24657058715820312,0.8467498701065779,7917.69921875,2.33984375,7919.5625,3.703125
17,B0006,LightGBM,PSO,0.04590401612008278,0.04169485499241791,-5.177197946841258,7.181608786964159,0.08124110009521246,8.074865799862891,0.16150283813476562,0.8513499051332474,7917.015625,1.0234375,7917.015625,1.671875
17,B0006,LightGBM,GA,0.05471399901365626,0.05103267268308409,-7.775807092516818,8.769014872014571,0.039243599865585566,4.1368521000258625,0.07111549377441406,1.0125499684363604,7916.31640625,0.00390625,7917.3203125,1.0234375
17,B0006,LightGBM,WOA,0.047661097215452246,0.042574499910589064,-5.659141200979071,7.340990461871893,0.3107134001329541,17.989843599963933,0.5162105560302734,1.5776501968502998,7918.19921875,1.38671875,7917.8359375,1.5390625
17,B0006,LightGBM,Bayesian,0.052789613329307865,0.04800083647579078,-7.169342672548202,8.263853978162167,0.08920639986172318,419.93614509981126,0.1689462661743164,1.5641001518815756,4796.38671875,1.0234375,8036.71875,119.54296875
17,B0006,LightGBM,RandomSearch,0.04933581511335503,0.04588787980027704,-6.135341564971095,7.8864453587656955,0.07887850003316998,5.557329200208187,0.14825916290283203,1.524799969047308,4796.44140625,1.0234375,4796.44140625,1.078125
17,B0006,LightGBM,GWO,0.04754482248521475,0.044280022340253626,-5.626689352097864,7.60759819005851,0.11270860023796558,13.746880299877375,0.2095470428466797,1.591100124642253,4795.9296875,0.01953125,4796.9296875,1.51171875
17,B0018,RandomForest,PSO,0.012773366179321073,0.011856729493990447,-0.48682923994282334,1.7331316368336063,0.17521189991384745,45.868791699875146,0.3286752700805664,14.588849851861596,4795.68359375,0.01953125,4795.68359375,0.01953125
17,B0018,RandomForest,GA,0.012125394066387424,0.011210707019575916,-0.33980653553937135,1.638985937748923,1.1410463997162879,125.62479909975082,1.534287452697754,93.59564981423318,4795.68359375,0.01953125,4795.68359375,0.01953125
17,B0018,RandomForest,WOA,0.013035182038919825,0.012104989719798925,-0.5484050160317135,1.769016250480652,0.1785542001016438,47.49804020021111,1.4962472915649414,10.138000128790736,4089.58203125,0.01953125,4795.68359375,0.01953125
17,B0018,RandomForest,Bayesian,0.011338799122915664,0.010411265890388498,-0.1716138347524887,1.522280810046253,0.435207000002265,203.47314799996093,0.4752511978149414,30.243949964642525,4229.27734375,0.01953125,4273.890625,184.328125
17,B0018,RandomForest,RandomSearch,0.01169941902426728,0.010744351958340453,-0.2473230849243815,1.5711216244849038,0.9608710999600589,94.38597699999809,1.0584421157836914,64.85644984059036,2756.76171875,0.01953125,4229.27734375,0.01953125
17,B0018,RandomForest,GWO,0.012306424015553864,0.01152458841480512,-0.38011131822548183,1.6838480830645715,0.5626648999750614,68.35339959990233,1.036332130432129,43.54995000176132,2756.7734375,0.01953125,2756.7734375,0.03125
17,B0018,XGBoost,PSO,0.008503239507499804,0.00782513547151642,0.34110047853019976,1.142592499900073,0.07685159984976053,8.744787799660116,0.07066726684570312,0.26885000988841057,2758.5,1.70703125,2759.26953125,2.515625
17,B0018,XGBoost,GA,0.02745640174047652,0.02559396851270752,-5.869697440315278,3.740157795186485,0.08103409968316555,5.8174022999592125,0.10901069641113281,0.3117502201348543,2757.08203125,0.01953125,2757.33203125,0.5390625
17,B0018,XGBoost,WOA,0.026479672244607184,0.02443999874799805,-5.389628064901363,3.5761001620715103,0.19252669997513294,12.549024199601263,0.17678356170654297,0.839299988001585,2758.046875,0.01953125,2758.33203125,1.26953125
17,B0018,XGBoost,Bayesian,0.00794901666788944,0.007153838159733583,0.4241926771978377,1.0429807644441518,1.0606137001886964,469.97074110014364,1.33929443359375,0.3978500608354807,2590.94921875,9.59765625,2930.48828125,172.4609375
17,B0018,XGBoost,RandomSearch,0.06415326908525228,0.06329222548215942,-36.504894835685135,9.226904321322625,0.07630399987101555,6.151359400246292,0.19476699829101562,0.45894994400441647,2054.03125,0.01953125,2583.8203125,0.51953125
17,B0018,XGBoost,GWO,0.010334309426798078,0.009458469631367494,0.026774924259613475,1.3803892676874059,0.10286009963601828,6.535859799943864,0.138519287109375,0.41004992090165615,2055.87890625,0.4609375,2057.828125,3.62109375
17,B0018,LightGBM,PSO,0.013607070658876248,0.01111552260606959,-0.6872508221280444,1.629854797375635,0.0231067999266088,1.3626512000337243,0.07024955749511719,0.7126498967409134,2054.74609375,0.01953125,2055.73828125,1.25390625
17,B0018,LightGBM,GA,0.019354205715427984,0.017211002391701417,-2.413509171932242,2.521364737664284,0.03967559989541769,2.4085345999337733,0.1149911880493164,0.4613497294485569,2055.14453125,0.01953125,2056.1484375,1.421875
17,B0018,LightGBM,WOA,0.013495341378743288,0.012177043508299817,-0.6596561452752425,1.7817829839462624,0.006499799899756908,1.2029804000630975,0.022185325622558594,0.5721002817153931,2055.1875,0.01953125,2056.19140625,1.06640625
17,B0018,LightGBM,Bayesian,0.012277974883806024,0.011297814265673356,-0.3737378037139496,1.6461632484016049,0.02056750003248453,216.7716431999579,0.09236431121826172,0.31865015625953674,2245.59765625,0.00390625,2260.02734375,204.796875
17,B0018,LightGBM,RandomSearch,0.01697301870583458,0.015335524110545179,-1.6252371908723497,2.2444657925019302,0.05100500024855137,1.0660287998616695,0.16443157196044922,0.6574997678399086,2245.90625,0.00390625,2246.8671875,1.27734375
17,B0018,LightGBM,GWO,0.011433591522378718,0.010104018738476172,-0.1912851097761481,1.4762433603031746,0.0348366997204721,1.8744117999449372,0.21527862548828125,0.3414503298699856,2246.68359375,0.00390625,2247.6875,1.80078125
18,B0005,RandomForest,GWO,0.018559326733020475,0.016831226799613304,-3.909197453838785,2.5667644458488534,0.18236460024490952,18.050592499785125,1.6689157485961914,6.979750003665686,2248.734375,0.00390625,2248.7421875,0.046875
18,B0005,RandomForest,PSO,0.018513081124661504,0.01685996256998751,-3.88476273440621,2.5708246711410707,0.583697899710387,44.91546589974314,5.824219703674316,24.36605002731085,1758.9140625,0.0546875,2250.046875,1.33203125
18,B0005,RandomForest,WOA,0.017888083932880106,0.01621067808941342,-3.5605131596284165,2.472051730924715,0.059657900128513575,10.481021400075406,0.6228342056274414,2.660150174051523,1758.9921875,0.01953125,1758.9921875,0.01953125
18,B0005,RandomForest,Bayesian,0.017875406638559275,0.016246465042419098,-3.5540513741127864,2.4775387327175125,0.13616369990631938,97.69705080008134,1.1952219009399414,4.983300110325217,1910.03515625,0.03125,1952.7421875,193.76953125
18,B0005,RandomForest,GA,0.020665699145720615,0.01905286707366126,-5.086761296901522,2.9042678154370334,0.4762937999330461,33.07104540010914,1.4427804946899414,22.214299999177456,1910.171875,0.00390625,1910.171875,0.12109375
18,B0005,RandomForest,RandomSearch,0.019214598849061564,0.01753256628072187,-4.261974137622188,2.6733201550736405,0.623721900396049,26.068326000124216,2.910325050354004,26.44794969819486,1910.19921875,0.01953125,1910.19921875,0.046875
18,B0005,XGBoost,GWO,0.016429747238297026,0.01476551805978166,-2.847227155853115,2.252462155597857,0.07223369972780347,5.67412310000509,0.24368762969970703,0.1488998532295227,1910.08984375,0.07421875,1911.05078125,0.8671875
18,B0005,XGBoost,PSO,0.015715461439990516,0.014133089853851392,-2.519981168383374,2.1559497427633945,0.13368979981169105,7.986907999962568,0.3412046432495117,0.2584001049399376,1913.66015625,2.16015625,1913.68359375,3.61328125
18,B0005,XGBoost,WOA,0.015134073348915852,0.01352084928260928,-2.2643576452773924,2.0628467972018067,0.06716040009632707,4.634845400229096,0.12246227264404297,0.2760498318821192,1915.80078125,3.15625,1919.0,7.5
18,B0005,XGBoost,Bayesian,0.022423435648258012,0.020529225312430822,-6.166223923810025,3.1287363194504634,0.09569839993491769,103.07168389996514,0.36950111389160156,0.1583998091518879,1514.72265625,0.01953125,2137.296875,224.6484375
18,B0005,XGBoost,GA,0.07451531972634222,0.07406115630925231,-78.13656653544885,11.246767472562604,0.04911449970677495,3.4818926001898944,0.04926872253417969,0.1465498935431242,1514.390625,0.00390625,1515.5390625,1.25
18,B0005,XGBoost,RandomSearch,0.057334778671554364,0.056721587437534124,-45.85137552480425,8.617645412661856,0.07336470019072294,4.51172580011189,0.24633121490478516,0.15859981067478657,1516.5234375,0.01953125,1516.75390625,1.52734375
18,B0005,LightGBM,GWO,0.0193894792567865,0.01789848188606591,-4.358193042156166,2.728173402044877,0.10961030004546046,2.5300757996737957,0.5617189407348633,0.6522999610751867,1518.77734375,1.31640625,1518.32421875,1.58203125
18,B0005,LightGBM,PSO,0.01923767158744998,0.017714532300668998,-4.274618798758565,2.7003913529573373,0.08525440003722906,4.562692600302398,0.5173873901367188,0.5733000580221415,1518.4921875,0.16015625,1519.8671875,2.09765625
18,B0005,LightGBM,WOA,0.020327108370676267,0.018529382850226768,-4.888941910635573,2.825691814577352,0.023310299962759018,1.0335543998517096,0.09955787658691406,0.6098498124629259,1518.703125,0.01953125,1519.70703125,1.21875
18,B0005,LightGBM,Bayesian,0.019824221100145163,0.01825892095323752,-4.601164541551846,2.7834671902453842,0.11598540004342794,134.6072212997824,0.7196025848388672,0.5184500478208065,1744.046875,1.0234375,1778.11328125,259.41796875
18,B0005,LightGBM,GA,0.02004374785157495,0.018286016109281336,-4.725902211520909,2.787756923608618,0.07946790009737015,4.933650800026953,0.4394874572753906,0.5403996910899878,1743.96875,0.01953125,1744.97265625,1.94921875
18,B0005,LightGBM,RandomSearch,0.029005276031234956,0.027739060597966846,-10.990576685775686,4.222701279977482,0.028763700276613235,1.2147571998648345,0.09647846221923828,0.33939979039132595,1744.50390625,0.01953125,1745.5078125,1.55859375
18,B0006,RandomForest,GWO,0.042356984185052494,0.03758214272070241,-4.259448576127495,6.48177100029757,0.24077600007876754,28.48395620007068,1.9317636489868164,12.553000124171376,1745.1015625,0.00390625,1745.1015625,0.01953125
18,B0006,RandomForest,PSO,0.04137865878903608,0.036415837035487134,-4.019297886329901,6.28358445706258,0.3926404998637736,31.63770620012656,4.564820289611816,19.184599863365293,1745.30859375,0.00390625,1745.30859375,0.2265625
18,B0006,RandomForest,WOA,0.04130952282904154,0.03636526724457144,-4.002539291901934,6.275021316004306,0.5379778002388775,37.22964660031721,6.288758277893066,25.625549955293536,1747.875,0.16015625,1747.734375,2.36328125
18,B0006,RandomForest,Bayesian,0.042572744962821214,0.037576474740693,-4.313166892128272,6.482381149578685,0.043970500119030476,95.37069049989805,0.3000650405883789,2.8017000295221806,1888.46484375,0.01953125,1933.90234375,185.83203125
18,B0006,RandomForest,GA,0.04307890575194535,0.03869905379759778,-4.440257772297588,6.669002569979346,0.3505926998332143,30.94806300010532,1.172013282775879,17.02909986488521,1888.46484375,0.00390625,1888.46484375,0.01953125
18,B0006,RandomForest,RandomSearch,0.04069892355629199,0.035836193715509404,-3.855746402588265,6.18468781496703,0.3555938000790775,23.475152099970728,2.816117286682129,18.50785012356937,1888.46484375,0.01953125,1888.46484375,0.01953125
18,B0006,XGBoost,GWO,0.03731156547837062,0.03274216409014512,-3.0810986586164697,5.654298751952517,0.1695862002670765,4.182356699835509,0.12010574340820312,0.27345004491508007,1888.69140625,0.0234375,1889.83984375,1.39453125
18,B0006,XGBoost,PSO,0.0376130772438572,0.03382321582492271,-3.1473232208251467,5.829040849436662,0.2652571997605264,13.565487500280142,0.5485000610351562,0.2094500232487917,1891.84765625,2.171875,1892.53515625,3.859375
18,B0006,XGBoost,WOA,0.038411113284029984,0.03421576743044076,-3.3251775583536567,5.901488117357474,0.05428460007533431,3.786774699576199,0.06694316864013672,0.2666998188942671,1889.70703125,0.01953125,1895.984375,7.23828125
18,B0006,XGBoost,Bayesian,0.0397927987408312,0.03594132189668832,-3.6419357219263357,6.191009329124617,0.10904760006815195,127.02258470002562,0.3516407012939453,0.23150001652538776,2081.1484375,0.01953125,2123.0546875,233.36328125
18,B0006,XGBoost,GA,0.03543608616863337,0.03008560799736933,-2.6811341940677607,5.208262288023406,0.06728650024160743,5.890646200161427,0.2173595428466797,0.28995005413889885,2088.5078125,6.83203125,2089.78125,8.6484375
18,B0006,XGBoost,RandomSearch,0.08819500834846404,0.08650070736142992,-21.802274154804305,14.779640178450565,0.10069259954616427,4.140036200173199,0.2986154556274414,0.2148000057786703,2082.94140625,0.01953125,2083.10546875,1.4296875
18,B0006,LightGBM,GWO,0.0439029357705322,0.03885124301199712,-4.650375058277945,6.705146751741217,0.037486799992620945,2.4596738000400364,0.16649627685546875,0.3549500834196806,2083.74609375,0.00390625,2084.75,1.828125
18,B0006,LightGBM,PSO,0.04368623131098054,0.038762140127535094,-4.594732332481543,6.688733975821394,0.017368200235068798,1.9880138002336025,0.05420398712158203,0.49789994955062866,2084.6015625,0.00390625,2085.60546875,1.87890625
18,B0006,LightGBM,WOA,0.04541265704308781,0.04168839000649875,-5.045663586895178,7.17460719466107,0.019770899787545204,1.7175203002989292,0.06759071350097656,0.6590501870959997,2085.07421875,0.00390625,2085.98046875,1.3984375
18,B0006,LightGBM,Bayesian,0.04717252716350694,0.04330029493108089,-5.523316316974539,7.444595708440699,0.14734899997711182,130.07939990004525,1.0338926315307617,0.41034980677068233,2297.5234375,1.03515625,2337.546875,252.4921875
18,B0006,LightGBM,GA,0.05999859305969749,0.05758235924971463,-9.552911221870243,9.86745761621782,0.020703900139778852,1.4799810997210443,0.03932666778564453,0.5681500770151615,2296.7421875,0.01953125,2297.74609375,1.24609375
18,B0006,LightGBM,RandomSearch,0.052201894880613,0.04888501141994888,-6.988453051217778,8.396679509454788,0.03198920004069805,1.3219465999864042,0.06622314453125,0.3471001982688904,2296.91796875,0.00390625,2297.90625,1.18359375
18,B0018,RandomForest,GWO,0.011534297213899545,0.01059253503059579,-0.2123629185478133,1.5488787208481158,0.28685660008341074,29.53775869961828,1.7248544692993164,13.75260017812252,2296.8671875,0.01953125,2296.8671875,0.01953125
18,B0018,RandomForest,PSO,0.011438726643272683,0.010467297229280114,-0.19235542382146198,1.5307640544909944,0.5200489000417292,40.50279469974339,4.026307106018066,21.27665001899004,2295.10546875,0.15234375,2296.8671875,0.01953125
18,B0018,RandomForest,WOA,0.012612838738497771,0.011729267121883514,-0.4496930425219978,1.7136471279338836,0.14267660025507212,13.424365899991244,0.9123697280883789,7.735550170764327,2295.12109375,0.01953125,2295.125,0.01953125
18,B0018,RandomForest,Bayesian,0.011540411405453978,0.010712471713158261,-0.2136485770755756,1.5657313513217999,0.08952399995177984,107.60123590007424,0.7644662857055664,4.009000025689602,2451.01171875,0.02734375,2493.91796875,198.81640625
18,B0018,RandomForest,GA,0.012346110310406675,0.01139002590571781,-0.3890269576359884,1.6652762781675507,0.3659161999821663,36.36166579974815,1.432663917541504,24.187299888581038,2451.12109375,0.01953125,2451.10546875,0.09765625
18,B0018,RandomForest,RandomSearch,0.011704125427323906,0.010847179082873188,-0.24832682467090494,1.5852357880651873,0.23936979984864593,21.664527900051326,1.1185007095336914,13.296600198373199,2451.1484375,0.01953125,2451.1484375,0.046875
18,B0018,XGBoost,GWO,0.015688781715462497,0.013905625822239687,-1.2429976030655547,2.0365895537903245,0.05864770011976361,4.882219200022519,0.14778995513916016,0.19109994173049927,2452.23046875,0.01953125,2452.5078125,1.37890625
18,B0018,XGBoost,PSO,0.009189943215793028,0.00817916321962433,0.23038056862705814,1.1949931913625635,0.11894290009513497,7.0914170001633465,0.29114818572998047,0.20784977823495865,2454.2890625,1.78125,2453.78515625,1.5703125
18,B0018,XGBoost,WOA,0.010492025855028907,0.009668025769274901,-0.0031573804283049345,1.4121217299603699,0.056052000261843204,3.929252800066024,0.1052713394165039,0.28249993920326233,2453.625,0.0625,2457.7109375,4.390625
18,B0018,XGBoost,Bayesian,0.012089803314416777,0.011049467720072936,-0.3319528131522016,1.6157243480645394,0.0416469001211226,149.85466969991103,0.0989084243774414,0.14270003885030746,2696.26171875,0.01953125,2733.66796875,280.05859375
18,B0018,XGBoost,GA,0.026642194329939507,0.024957501175099185,-5.468302943470136,3.648775360607747,0.04517399985343218,3.2235928997397423,0.12137699127197266,0.14835014007985592,2696.2734375,0.01953125,2696.5078125,0.26171875
18,B0018,XGBoost,RandomSearch,0.02612527027032729,0.024363970043354798,-5.2197360170307725,3.5635035415066296,0.04853119980543852,3.8625550996512175,0.15929317474365234,0.17075007781386375,2696.31640625,0.01953125,2696.5703125,0.3125
18,B0018,LightGBM,GWO,0.00990067984601035,0.008813756530738088,0.10673482523574185,1.2845174402899224,0.09640950011089444,2.4716604999266565,0.6282777786254883,0.4273001104593277,2696.73046875,0.0234375,2698.04296875,1.74609375
18,B0018,LightGBM,PSO,0.008424126297626625,0.007482612250448356,0.3533041007091259,1.090486924144596,0.08749859966337681,4.997547099832445,0.539891242980957,0.37400005385279655,2698.0625,0.00390625,2699.7265625,2.9609375
18,B0018,LightGBM,WOA,0.008465806158501673,0.007509436312653295,0.34688898429473003,1.0942711525045385,0.10581390000879765,4.876724500209093,0.5832071304321289,0.3800999838858843,2698.328125,0.00390625,2699.3203125,1.27734375
18,B0018,LightGBM,Bayesian,0.0088063734442039,0.007914687733734766,0.2932845839825846,1.1556910022720528,0.030933000147342682,155.3657662998885,0.09531593322753906,0.39054988883435726,2911.86328125,0.01953125,2941.2265625,242.91796875
18,B0018,LightGBM,GA,0.014805894526085628,0.013128751064345833,-0.997651247879356,1.922416992360195,0.035841299686580896,2.166441600304097,0.1730365753173828,0.33820001408457756,2912.390625,0.00390625,2913.39453125,1.546875
18,B0018,LightGBM,RandomSearch,0.011155422902223251,0.010224659754041032,-0.13402452388861352,1.4924332124884543,0.05241320002824068,1.1889861999079585,0.20878219604492188,0.5409501027315855,2912.6640625,0.01953125,2913.66796875,1.1328125
19,B0005,RandomForest,WOA,0.018665971294296955,0.016951920639084038,-3.965777456124508,2.585073362255385,0.3733538999222219,28.405831499956548,2.9388437271118164,14.261850155889988,2916.16015625,0.00390625,2916.16015625,0.06640625
19,B0005,RandomForest,RandomSearch,0.0188933414544839,0.017155535824360302,-4.087490513017471,2.6159230525592276,0.2578422003425658,22.14430860010907,2.4374094009399414,10.082949884235859,2916.390625,0.01953125,2916.390625,0.25
19,B0005,RandomForest,GA,0.018773088551650448,0.017064143747045676,-4.022934590128239,2.6020400876189598,0.30141970003023744,23.847757199779153,2.307084083557129,14.667599927634,2916.390625,0.01953125,2916.390625,0.01953125
19,B0005,RandomForest,GWO,0.01850802783106885,0.01679011185723924,-3.8820964282203896,2.560490445047308,0.3794110002927482,34.94462099997327,3.357010841369629,16.52349974028766,2916.39453125,0.01953125,2916.39453125,0.0234375
19,B0005,RandomForest,Bayesian,0.018733750579922225,0.017053232695338615,-4.001906080437361,2.6002890449243443,0.5079018003307283,130.59948610002175,3.8954782485961914,16.186299733817577,3103.33984375,0.01953125,3138.25390625,221.87890625
19,B0005,RandomForest,PSO,0.018701478021620466,0.017137146873579978,-3.9846873967140803,2.6127257110910924,0.08417099993675947,13.522352800238878,0.7888193130493164,3.2935498747974634,3103.734375,0.01953125,3103.734375,0.4140625
19,B0005,XGBoost,WOA,0.015001482479997384,0.013382456467386172,-2.2074095912802387,2.0417932670421126,0.077029500156641,5.304574400186539,0.13932132720947266,0.15700003132224083,3110.36328125,6.13671875,3115.0390625,11.32421875
19,B0005,XGBoost,RandomSearch,0.06898656537139201,0.06847614378163977,-66.82895276767815,10.400207646575566,0.07737069996073842,4.480717300437391,0.24912261962890625,0.2727997489273548,3105.01953125,0.01953125,3105.19140625,0.9609375
19,B0005,XGBoost,GA,0.08788315124671536,0.08748305172155066,-109.0771831562641,13.282532856018575,0.05129209998995066,4.4250207003206015,0.13065338134765625,0.2659002784639597,3105.140625,0.01953125,3105.41796875,0.41796875
19,B0005,XGBoost,GWO,0.0338423849486986,0.032768715876483695,-15.32330094605948,4.985435859000111,0.09000479988753796,5.4765197997912765,0.32328319549560547,0.1512998715043068,3106.45703125,0.01953125,3106.66015625,1.53515625
19,B0005,XGBoost,Bayesian,0.01626190847151011,0.014577032125597513,-2.7690256237594335,2.2240368375666533,0.04274760000407696,130.4877396998927,0.06961536407470703,0.23999996483325958,3304.6171875,0.05859375,3338.01171875,231.5703125
19,B0005,XGBoost,PSO,0.015271351865986207,0.013616780665888933,-2.323847064049397,2.0777662355947295,0.05376530019566417,5.129512100014836,0.06007099151611328,0.282899709418416,3307.95703125,3.3515625,3311.140625,6.5390625
19,B0005,LightGBM,WOA,0.022485057846360408,0.020935085252274218,-6.205665270719169,3.1900124380288006,0.019761299714446068,1.1338105001486838,0.06604862213134766,0.3374498337507248,3304.69921875,0.01953125,3305.703125,1.09765625
19,B0005,LightGBM,RandomSearch,0.029683286068794307,0.02834804725803672,-11.557697592777485,4.3154461737957455,0.03942220006138086,1.3160361000336707,0.1362133026123047,0.45724958181381226,3304.70703125,0.01953125,3305.7109375,1.03125
19,B0005,LightGBM,GA,0.020689489995105368,0.01898871820843527,-5.100783815487633,2.8945960456726443,0.09487830009311438,5.058578799944371,0.4493227005004883,0.3717998042702675,3305.3046875,0.00390625,3306.30859375,1.28515625
19,B0005,LightGBM,GWO,0.021394875651453104,0.01983991350509227,-5.523874511287945,3.0238009199053626,0.035909699741750956,2.1870880997739732,0.10700225830078125,0.6102498155087233,3306.2734375,0.01953125,3307.27734375,1.9921875
19,B0005,LightGBM,Bayesian,0.019545591480533107,0.01800148097404939,-4.444822170277285,2.74405172511504,0.023679399862885475,214.89469789993018,0.11788082122802734,0.44175004586577415,3622.3125,0.01953125,3635.2578125,329.00390625
19,B0005,LightGBM,PSO,0.01978209165586975,0.018114905816799868,-4.57738320777678,2.7619887720209766,0.09128420008346438,5.715523099992424,0.5458984375,0.4864002112299204,3622.3203125,0.00390625,3624.05078125,1.7578125
19,B0006,RandomForest,WOA,0.04188317874895185,0.03799809310872716,-4.142442237664489,6.544917419788737,0.08857850031927228,12.729215399827808,0.7764139175415039,5.217499798163772,3621.8984375,0.01953125,3621.8984375,0.03125
19,B0006,RandomForest,RandomSearch,0.04124190063787404,0.03682544383228575,-3.9861747460568004,6.349903411640921,0.31227010022848845,24.065055000130087,1.5233469009399414,14.307749923318624,3621.8984375,0.01953125,3621.8984375,0.01953125
19,B0006,RandomForest,GA,0.04290534030100496,0.038787242389144286,-4.396508350252654,6.681513820465058,0.17510669957846403,20.148659700062126,0.5987558364868164,8.303249953314662,3621.93359375,0.01953125,3621.93359375,0.01953125
19,B0006,RandomForest,GWO,0.04086047311981897,0.03615741293649189,-3.894371531782025,6.238391726160146,0.42227100022137165,37.96794579969719,4.178879737854004,17.22130016423762,3623.66015625,0.01953125,3623.66015625,1.74609375
19,B0006,RandomForest,Bayesian,0.04116310813105391,0.036568473031356366,-3.9671408067780414,6.307578570913343,0.23584229964762926,97.19534459989518,2.5367441177368164,10.50910004414618,3767.97265625,0.01953125,3808.78515625,185.14453125
19,B0006,RandomForest,PSO,0.0410171139196271,0.03644253201617985,-3.9319691279576974,6.285765317257665,0.20968500012531877,23.13554470008239,2.1690683364868164,9.073899826034904,3768.25,0.01953125,3768.25,0.296875
19,B0006,XGBoost,WOA,0.035008567495474666,0.02983813638972092,-2.592847901756929,5.16226894511925,0.35382859967648983,14.320743599906564,0.7165899276733398,0.2132500521838665,3770.5,1.62109375,3775.1171875,6.88671875
19,B0006,XGBoost,RandomSearch,0.09302768272742451,0.0912749339535672,-24.369654786507898,15.595003090784482,0.05647680023685098,4.401299199555069,0.0987386703491211,0.1441999338567257,3769.85546875,0.01953125,3770.12890625,0.8203125
19,B0006,XGBoost,GA,0.10386403658764483,0.10220868848938897,-30.624272657743195,17.454267083016596,0.059345200192183256,4.1007850002497435,0.1940441131591797,0.2788999117910862,3769.859375,0.01953125,3770.1171875,0.28125
19,B0006,XGBoost,GWO,0.03527824758143647,0.02976987990150775,-2.648414382761368,5.154133802676694,0.12557230005040765,9.053169399965554,0.3120584487915039,0.19074976444244385,3772.3203125,2.45703125,3772.2734375,2.4296875
19,B0006,XGBoost,Bayesian,0.053347154533043055,0.04828434802120239,-7.34281610752042,8.31105539434607,0.09758180007338524,166.57810759963468,0.3690328598022461,0.1625001896172762,3995.31640625,0.01953125,4033.12109375,263.25390625
19,B0006,XGBoost,PSO,0.03480779440836154,0.02937324996279526,-2.5517563196661626,5.086384570652463,0.3068157001398504,15.912496199831367,0.5567302703857422,0.3685499541461468,3999.578125,2.35546875,3999.49609375,4.19921875
19,B0006,LightGBM,WOA,0.04406701150376067,0.04030893360181192,-4.692687572986456,6.938452123489182,0.014800600241869688,1.3480746001005173,0.07750225067138672,0.33175013959407806,3997.296875,0.01953125,3998.30078125,1.078125
19,B0006,LightGBM,RandomSearch,0.056407027502742825,0.05325657595972207,-8.327313626925585,9.141289550907233,0.05224370025098324,1.2459951001219451,0.2598247528076172,0.41304994374513626,3997.640625,0.01953125,3998.5234375,1.1875
19,B0006,LightGBM,GA,0.043502689968072134,0.03801193544995625,-4.547820179910753,6.564213519868487,0.048064499627798796,3.705698300153017,0.1965656280517578,0.34605013206601143,3997.7578125,0.0234375,3998.7578125,1.13671875
19,B0006,LightGBM,GWO,0.043777428899851686,0.03808601252163761,-4.6181153823504655,6.5777321464815515,0.12545139994472265,6.197008699644357,0.8146743774414062,0.513250008225441,3997.98046875,1.0234375,3998.76171875,1.02734375
19,B0006,LightGBM,Bayesian,0.04713424404698066,0.041557905887452846,-5.512732548934762,7.171240563821499,0.15340799978002906,158.62578859971836,1.102579116821289,0.6546501535922289,4208.234375,2.3515625,4250.03515625,253.078125
19,B0006,LightGBM,PSO,0.04885494431250979,0.045026798679694544,-5.996924646183638,7.742583276916772,0.09098679991438985,5.470326299779117,0.4252786636352539,0.4588498268276453,4206.7265625,0.23046875,4208.0390625,2.015625
19,B0018,RandomForest,WOA,0.012189193169669954,0.01105977526630204,-0.3539427083101403,1.617891813403403,0.053097099997103214,6.791651399806142,0.2214212417602539,2.7358001098036766,4206.0,0.00390625,4206.0,0.0234375
19,B0018,RandomForest,RandomSearch,0.011947459483709216,0.011023050086858837,-0.30077296259842745,1.6114022107539019,0.30600269977003336,21.163499500136822,1.572922706604004,18.760399892926216,4206.01171875,0.01953125,4206.01171875,0.03125
19,B0018,RandomForest,GA,0.012454517068774009,0.011419746723999646,-0.4135271443344515,1.6699896301364308,0.3674429999664426,30.588906799908727,0.9060525894165039,21.979200188070536,4199.86328125,0.01953125,4206.109375,0.01953125
19,B0018,RandomForest,GWO,0.011381494808622711,0.010403755517736629,-0.18045375418435228,1.5218396168948887,0.12665170012041926,20.198594300076365,0.6334085464477539,7.525499677285552,4199.87109375,0.01953125,4199.87109375,0.01953125
19,B0018,RandomForest,Bayesian,0.011041529145801891,0.010061795570967851,-0.11098658461000022,1.471856329737203,0.078073900192976,134.3469092999585,0.6228342056274414,3.51894972845912,4394.015625,0.015625,4433.6328125,233.78125
19,B0018,RandomForest,PSO,0.011376606034243888,0.010465415989768374,-0.17943987459427557,1.5304579107471388,0.055427299812436104,9.302795600146055,0.2402353286743164,2.681999932974577,4394.05859375,0.00390625,4394.05859375,0.0625
19,B0018,XGBoost,WOA,0.012960843390429678,0.011774897404907225,-0.5307945040283542,1.7199687685917446,0.08076919987797737,5.061133900191635,0.21782302856445312,0.29390002600848675,4395.54296875,0.01953125,4395.69140625,1.65234375
19,B0018,XGBoost,RandomSearch,0.030885862315222203,0.029277139188938907,-7.69300302215292,4.278999394852341,0.07349189976230264,3.9575815997086465,0.3128700256347656,0.2824501134455204,4395.55078125,0.01953125,4395.83984375,0.3125
19,B0018,XGBoost,GA,0.07327236952698003,0.07251968014448242,-47.925000742808194,10.568746494498482,0.05109089985489845,3.4485019999556243,0.1383199691772461,0.21585007198154926,4395.9453125,0.01953125,4396.23828125,0.39453125
19,B0018,XGBoost,GWO,0.015205812934010663,0.013328052893077091,-1.1070248379883805,1.9520765520348544,0.04811310023069382,3.663605499546975,0.07946491241455078,0.18390011973679066,4396.2421875,0.01953125,4397.2421875,1.31640625
19,B0018,XGBoost,Bayesian,0.009142602979543847,0.007626516537272643,0.238289240866701,1.1160579450252661,0.07296880008652806,172.98668779991567,0.3515625,0.16464991495013237,4635.95703125,1.62890625,4678.984375,282.7578125
19,B0018,XGBoost,PSO,0.10843785270208121,0.10793068039625245,-106.15493730336163,15.718159335959554,0.0608753003180027,4.749258100055158,0.2246532440185547,0.27425005100667477,4634.35546875,0.00390625,4634.6484375,0.31640625
19,B0018,LightGBM,WOA,0.00945810345664877,0.008239813908173544,0.1848106657556009,1.2041288282927296,0.06694960035383701,2.3607358001172543,0.23104286193847656,0.3615499008446932,4637.00390625,1.0234375,4637.00390625,2.6640625
19,B0018,LightGBM,RandomSearch,0.021244380747988775,0.01932035908824144,-3.112808810079736,2.827777879553874,0.013298399746418,1.1332980999723077,0.031479835510253906,0.3457998391240835,4636.0390625,0.01953125,4637.04296875,1.0625
19,B0018,LightGBM,GA,0.016187542130591336,0.014510108294047785,-1.3878783167114772,2.1238500774242643,0.03497010003775358,1.8849653997458518,0.12042427062988281,0.35939994268119335,4636.3125,0.00390625,4637.31640625,1.296875
19,B0018,LightGBM,GWO,0.010102094198165353,0.00910771381585801,0.07002088375901405,1.327493385173529,0.061677600257098675,2.294192099943757,0.2710580825805664,0.5940999835729599,4637.35546875,1.0234375,4637.34765625,1.0546875
19,B0018,LightGBM,Bayesian,0.008501912489537097,0.0074775566853931665,0.34130611857421045,1.0902092719117884,0.11152390018105507,138.40613639960065,0.9240026473999023,0.3900500014424324,4802.109375,1.0390625,4828.6640625,192.33203125
19,B0018,LightGBM,PSO,0.011233447563757314,0.008762532964009567,-0.14994347487238424,1.283443820881289,0.028202800080180168,1.6945271999575198,0.1251678466796875,0.3508501686155796,4800.9453125,0.01953125,4801.94921875,1.70703125
20,B0005,RandomForest,WOA,0.018427931323869908,0.016757752322045447,-3.839931727254676,2.5553552434463507,0.7341926000081003,48.14386310009286,5.909729957580566,26.217299979180098,4803.43359375,0.0625,4803.390625,0.80859375
20,B0005,RandomForest,PSO,0.018522018944596954,0.016811340678923797,-3.8894804438375887,2.5636499087923625,0.6067003002390265,48.73960720002651,6.186951637268066,25.500800227746367,4809.0390625,0.01953125,4809.0390625,5.19140625
20,B0005,RandomForest,GA,0.019744958516547124,0.018093053397540373,-4.556464149135913,2.758217441568632,0.26171019999310374,20.43595220008865,0.8158273696899414,9.147250093519688,4809.328125,0.01953125,4809.328125,0.01953125
20,B0005,RandomForest,RandomSearch,0.019277171706301794,0.017537424597037537,-4.296301460908139,2.6742311258513114,0.15678329998627305,22.44336639996618,0.9268808364868164,5.962399998679757,4809.328125,0.00390625,4809.328125,0.01953125
20,B0005,RandomForest,GWO,0.01882141027804008,0.01714511612675915,-4.048825827530722,2.614251121223006,0.11129570007324219,11.44303849991411,0.8936471939086914,3.7898500449955463,4809.328125,0.00390625,4809.328125,0.01953125
20,B0005,RandomForest,Bayesian,0.018376842822597998,0.016689653425521662,-3.813133048372319,2.544942441008524,0.1295175999403,134.93052250007167,1.1844186782836914,4.98989992775023,4977.96484375,0.01953125,5015.6875,206.37890625
20,B0005,XGBoost,WOA,0.01498079336711799,0.013390283015742448,-2.1985687716558746,2.0428338642627475,0.13194649992510676,7.757810099981725,0.3685894012451172,0.23160013370215893,4988.0234375,9.3203125,4985.99609375,8.01171875
20,B0005,XGBoost,PSO,0.014453763310982982,0.012943482013533446,-1.97747375809063,1.9745685371630666,0.05795790022239089,4.276280799880624,0.0854482650756836,0.27754995971918106,4981.109375,4.0546875,4981.71484375,3.0078125
20,B0005,XGBoost,GA,0.036961495476114915,0.036042001228750446,-18.470860019970857,5.4811799196485484,0.05892889993265271,4.411890800110996,0.08321762084960938,0.17625000327825546,4979.59375,1.265625,4979.5390625,1.38671875
20,B0005,XGBoost,RandomSearch,0.06554855577730885,0.06501114696691199,-60.23677631265201,9.874754074574078,0.04648539982736111,4.46915079979226,0.05353736877441406,0.17829984426498413,4978.171875,0.046875,4978.63671875,0.3046875
20,B0005,XGBoost,GWO,0.020006051893893664,0.01841153188820597,-4.704385237504274,2.8068296758016213,0.11409080028533936,6.428798000328243,0.2940216064453125,0.159350223839283,4980.09765625,1.99609375,4979.8828125,1.7109375
20,B0005,XGBoost,Bayesian,0.026823642626191864,0.02527024523996918,-9.254667279992468,3.848887856575655,0.09710559993982315,159.09292649989948,0.3018503189086914,0.17235008999705315,5172.765625,0.01953125,5215.71875,237.578125
20,B0005,LightGBM,WOA,0.022878449231249036,0.0212777389672736,-6.460006949108334,3.24231090936581,0.014230699744075537,1.2103554997593164,0.050490379333496094,0.5359500646591187,5172.8359375,0.01953125,5173.83984375,1.09375
20,B0005,LightGBM,PSO,0.019957724705713876,0.018011833579511267,-4.676859173510943,2.747465778825991,0.1569815999828279,6.2291398998349905,1.0970802307128906,0.3894998226314783,5175.34375,2.484375,5174.71875,1.87890625
20,B0005,LightGBM,GA,0.052630090330183295,0.05195109496331273,-38.47792304436982,7.893931777974925,0.014860699884593487,1.1387240998446941,0.03026866912841797,0.3457500133663416,5173.1484375,0.01953125,5173.1484375,0.01953125
20,B0005,LightGBM,RandomSearch,0.025084186291940317,0.02312273422172144,-7.9678038450381425,3.524627528134617,0.052526000421494246,1.3657483998686075,0.22342777252197266,0.3715499769896269,5173.40625,0.01953125,5174.41015625,1.28125
20,B0005,LightGBM,GWO,0.01939807115147292,0.017837887091312284,-4.36294275510269,2.7193628402113075,0.13537929998710752,4.240037499926984,0.746129035949707,0.3858001437038183,5174.8828125,1.0078125,5174.8828125,1.49609375
20,B0005,LightGBM,Bayesian,0.02001977554115511,0.018315385577223196,-4.712214050707048,2.7926676757730498,0.09159599989652634,260.31243660021573,0.6060867309570312,0.37005008198320866,5486.5703125,0.02734375,5521.05078125,347.19140625
20,B0006,RandomForest,WOA,0.040699939767213145,0.035858410594031526,-3.855988891759857,6.188090923429946,0.060128099750727415,10.318124100100249,0.6814279556274414,2.8786498587578535,5486.375,0.01953125,5486.375,0.01953125
20,B0006,RandomForest,PSO,0.041871454634740686,0.03724360441383243,-4.139563652823322,6.422280064759376,0.35981900012120605,23.4351496999152,1.8208017349243164,16.96430006995797,5486.359375,0.01953125,5486.375,0.01953125
20,B0006,RandomForest,GA,0.042768425810183495,0.03843870180236317,-4.362121893657302,6.624542725879272,0.3481482001952827,27.27434969972819,1.4295053482055664,19.92115005850792,5486.359375,0.01953125,5486.359375,0.01953125
20,B0006,RandomForest,RandomSearch,0.04052846837911941,0.03572030545440802,-3.815157916104801,6.164717478950676,0.5058567998930812,24.015939199831337,2.780503273010254,24.860199773684144,5486.359375,0.01953125,5486.359375,0.01953125
20,B0006,RandomForest,GWO,0.04140325113931665,0.03615944935908564,-4.025265842566962,6.243045155173432,0.1302136001177132,19.378807000350207,0.7156229019165039,6.754050031304359,5486.37109375,0.01953125,5486.37109375,0.03125
20,B0006,RandomForest,Bayesian,0.041121764427185147,0.03645588676530791,-3.9571679511109217,6.289327005833859,0.16887860000133514,135.5426451000385,1.822861671447754,7.4384999461472034,5641.08984375,0.09765625,5686.65234375,200.30078125
20,B0006,XGBoost,WOA,0.03338157380130683,0.027935487353900328,-2.266658743287858,4.84082271651513,0.05368259968236089,4.629931500181556,0.07953834533691406,0.2707501407712698,5643.26953125,1.5625,5649.21875,8.125
20,B0006,XGBoost,PSO,0.04125232670661772,0.037009764956609584,-3.9886961027835897,6.376918396779091,0.08614999987185001,5.063384299632162,0.1755199432373047,0.25415001437067986,5645.10546875,2.953125,5644.79296875,3.08203125
20,B0006,XGBoost,GA,0.05134347153282065,0.048401695811847105,-6.727884293686637,8.309126906627979,0.08312249975278974,4.4075673003681,0.1772603988647461,0.3049997612833977,5643.68359375,1.0390625,5643.8515625,1.69921875
20,B0006,XGBoost,RandomSearch,0.07874026169795977,0.07672094001321382,-17.17539505454754,13.121965815893818,0.0620405999943614,4.675658800173551,0.16391944885253906,0.2872499171644449,5642.94140625,0.01953125,5643.19921875,0.5234375
20,B0006,XGBoost,GWO,0.04674009628368765,0.04387140352093947,-5.404265926659018,7.534203722335688,0.1477461000904441,7.767091299872845,0.3426513671875,0.16585015691816807,5644.47265625,0.01953125,5644.76953125,1.84765625
20,B0006,XGBoost,Bayesian,0.0382838973931549,0.03396460491978895,-3.2965754118107977,5.8606104030232995,0.04395100008696318,194.88963249977678,0.05878448486328125,0.23830006830394268,5897.58203125,0.07421875,5929.0,284.53125
20,B0006,LightGBM,WOA,0.04568960714136961,0.040504419221595485,-5.119627664555366,6.9894185271017175,0.07790370006114244,6.664735900238156,0.5465936660766602,0.3675499465316534,5898.96484375,1.35546875,5899.2421875,1.65234375
20,B0006,LightGBM,PSO,0.045738678520761904,0.04145677794995631,-5.132779882419971,7.141709173116665,0.02696090005338192,2.2170675001107156,0.16266441345214844,0.6234000902622938,5898.2265625,0.01953125,5899.23046875,1.2890625
20,B0006,LightGBM,GA,0.05751129918017237,0.05463900041249619,-8.696087107364116,9.370245750893943,0.02460339991375804,1.4745340002700686,0.08333206176757812,0.3385497257113457,5898.34375,0.00390625,5899.34765625,1.140625
20,B0006,LightGBM,RandomSearch,0.05513960106572665,0.05181771785456661,-7.912866281891963,8.897241312078554,0.01710710022598505,1.3081742003560066,0.09057903289794922,0.3483498003333807,5898.37890625,0.01953125,5899.34765625,1.0234375
20,B0006,LightGBM,GWO,0.049166245412299116,0.04662081721925149,-6.086376794667075,7.997080032020568,0.050078900065273046,2.841318799648434,0.2011547088623047,0.5967498291283846,5899.35546875,0.00390625,5900.20703125,1.828125
20,B0006,LightGBM,Bayesian,0.04648904716910104,0.042207705499919666,-5.335653853857391,7.267953086684697,0.13813199987635016,204.59112109988928,0.7472038269042969,0.34924992360174656,6144.66015625,0.01953125,6185.41015625,286.07421875
20,B0018,RandomForest,WOA,0.01157146058521764,0.010608578940319986,-0.22018794275428455,1.551310966421513,0.5397989000193775,44.82199619989842,2.220841407775879,26.746000163257122,6144.55859375,0.00390625,6144.55859375,0.03125
20,B0018,RandomForest,PSO,0.01189444591726275,0.011014419495365085,-0.28925492873792424,1.610115218521142,0.31406249990686774,25.73479779995978,3.548081398010254,18.378949956968427,6144.671875,0.01953125,6144.671875,0.04296875
20,B0018,RandomForest,GA,0.012285162717455734,0.011256800096501424,-0.3753467154777199,1.646421404709684,0.2687776000238955,25.905082399956882,0.9267892837524414,16.531749861314893,6144.66015625,0.01953125,6144.66015625,0.01953125
20,B0018,RandomForest,RandomSearch,0.012936690714432044,0.011744903554352542,-0.5250945147660864,1.7186236489242384,0.08391380030661821,22.75467070005834,0.3784799575805664,5.517099983990192,6144.66015625,0.00390625,6144.66015625,0.01953125
20,B0018,RandomForest,GWO,0.011631496219518206,0.010725344243588397,-0.23288206871659756,1.56784290005701,0.3632077001966536,25.51865779981017,2.9774789810180664,16.103649977594614,6144.66015625,0.01953125,6144.66015625,0.01953125
20,B0018,RandomForest,Bayesian,0.011596519663185426,0.01066325292467401,-0.22547852694772286,1.5591531755142483,0.5402355999685824,143.70995070040226,4.590867042541504,23.572049802169204,6326.9375,0.08984375,6359.984375,215.34375
20,B0018,XGBoost,WOA,0.01143151584014382,0.010456489803486634,-0.19085261139949217,1.528320803653539,0.0376800000667572,3.9080464001744986,0.05891895294189453,0.14060013927519321,6328.140625,0.01953125,6328.4296875,1.51953125
20,B0018,XGBoost,PSO,0.009020729330854991,0.008647668756526183,0.2584615544391148,1.2617026936738354,0.14600609987974167,9.058812499977648,0.5048151016235352,0.30790013261139393,6330.3125,0.01953125,6330.52734375,2.40234375
20,B0018,XGBoost,GA,0.02964293115434328,0.02810413766115265,-7.007420935246838,4.107365451278322,0.06364479986950755,4.035650500096381,0.13797855377197266,0.27715018950402737,6330.49609375,0.00390625,6330.7734375,0.4375
20,B0018,XGBoost,RandomSearch,0.05135661947085473,0.05027689564436035,-23.03495016074538,7.334235203644597,0.0822163000702858,4.25464029982686,0.1842813491821289,0.28425012715160847,6330.66796875,0.01953125,6330.9609375,0.484375
20,B0018,XGBoost,GWO,0.009112598009611042,0.00853924977987366,0.24328073061193944,1.243714495330679,0.08751159999519587,5.064914300106466,0.19728851318359375,0.27324981056153774,6332.59765625,1.70703125,6332.94140625,2.2890625
20,B0018,XGBoost,Bayesian,0.01159011817795597,0.010452302577191163,-0.22412592846824198,1.5250105633041429,0.10396229987964034,206.30725410021842,0.3728914260864258,0.1800998579710722,6574.89453125,3.98046875,6610.640625,279.74609375
20,B0018,LightGBM,WOA,0.01381889598107682,0.012149881743899426,-0.7401915840676876,1.7752405382340832,0.026107999961823225,1.855017399881035,0.12609577178955078,0.5563502199947834,6571.3125,0.01953125,6572.31640625,1.3984375
20,B0018,LightGBM,PSO,0.008865556815072203,0.008009134561678028,0.2837536808691101,1.167795559190348,0.05694560008123517,3.240642999764532,0.27296924591064453,0.5931500345468521,6571.66015625,0.00390625,6572.6640625,1.37109375
20,B0018,LightGBM,GA,0.01432610690064867,0.01209825726539634,-0.8702804898268821,1.7738101219170015,0.03253550035879016,1.7094914000481367,0.17108154296875,0.3464499022811651,6571.7265625,0.01953125,6572.73046875,1.08984375
20,B0018,LightGBM,RandomSearch,0.017024159775016725,0.0150163726265988,-1.641081125690404,2.200039980849133,0.017783900257200003,1.2054804000072181,0.06678104400634766,0.49100001342594624,6571.75,0.01953125,6572.75390625,1.046875
20,B0018,LightGBM,GWO,0.012238536023328672,0.010790914821450042,-0.36492663758217825,1.5790237334341213,0.030308499932289124,1.6601305999793112,0.1360034942626953,0.3564499784260988,6571.95703125,0.01953125,6572.9609375,1.23046875
20,B0018,LightGBM,Bayesian,0.009045792322690403,0.007911041318162965,0.25433528268514727,1.1558021738652537,0.04957240028306842,245.06482680002227,0.36696624755859375,0.3564499784260988,6772.58984375,0.07421875,6808.5859375,236.6484375
